snapshot_date,curve_date,forward_date,rate
2026-03-17,2026-03-09T16:00:00,2026-03-11T00:00:00,0.01941
2026-03-17,2026-03-09T16:00:00,2026-04-13T00:00:00,0.0199303
2026-03-17,2026-03-09T16:00:00,2026-05-11T00:00:00,0.0203644
2026-03-17,2026-03-09T16:00:00,2026-06-11T00:00:00,0.0208294
2026-03-17,2026-03-09T16:00:00,2026-07-13T00:00:00,0.0212838
2026-03-17,2026-03-09T16:00:00,2026-08-11T00:00:00,0.0216655
2026-03-17,2026-03-09T16:00:00,2026-09-11T00:00:00,0.0220343
2026-03-17,2026-03-09T16:00:00,2026-10-12T00:00:00,0.0223563
2026-03-17,2026-03-09T16:00:00,2026-11-11T00:00:00,0.0226252
2026-03-17,2026-03-09T16:00:00,2026-12-11T00:00:00,0.0228558
2026-03-17,2026-03-09T16:00:00,2027-01-11T00:00:00,0.0230576
2026-03-17,2026-03-09T16:00:00,2027-02-11T00:00:00,0.0232261
2026-03-17,2026-03-09T16:00:00,2027-03-11T00:00:00,0.0233531
2026-03-17,2026-03-09T16:00:00,2027-04-12T00:00:00,0.0234727
2026-03-17,2026-03-09T16:00:00,2027-05-11T00:00:00,0.023561
2026-03-17,2026-03-09T16:00:00,2027-06-11T00:00:00,0.0236381
2026-03-17,2026-03-09T16:00:00,2027-07-12T00:00:00,0.0237012
2026-03-17,2026-03-09T16:00:00,2027-08-11T00:00:00,0.0237525
2026-03-17,2026-03-09T16:00:00,2027-09-13T00:00:00,0.0238023
2026-03-17,2026-03-09T16:00:00,2027-10-11T00:00:00,0.023841
2026-03-17,2026-03-09T16:00:00,2027-11-11T00:00:00,0.023881
2026-03-17,2026-03-09T16:00:00,2027-12-13T00:00:00,0.0239198
2026-03-17,2026-03-09T16:00:00,2028-01-11T00:00:00,0.0239538
2026-03-17,2026-03-09T16:00:00,2028-02-11T00:00:00,0.0239895
2026-03-17,2026-03-09T16:00:00,2028-03-13T00:00:00,0.0240255
2026-03-17,2026-03-09T16:00:00,2028-04-11T00:00:00,0.0240602
2026-03-17,2026-03-09T16:00:00,2028-05-11T00:00:00,0.0240979
2026-03-17,2026-03-09T16:00:00,2028-06-12T00:00:00,0.0241409
2026-03-17,2026-03-09T16:00:00,2028-07-11T00:00:00,0.0241832
2026-03-17,2026-03-09T16:00:00,2028-08-11T00:00:00,0.0242327
2026-03-17,2026-03-09T16:00:00,2028-09-11T00:00:00,0.0242875
2026-03-17,2026-03-09T16:00:00,2028-10-11T00:00:00,0.0243458
2026-03-17,2026-03-09T16:00:00,2028-11-13T00:00:00,0.0244153
2026-03-17,2026-03-09T16:00:00,2028-12-11T00:00:00,0.0244785
2026-03-17,2026-03-09T16:00:00,2029-01-11T00:00:00,0.0245526
2026-03-17,2026-03-09T16:00:00,2029-02-12T00:00:00,0.0246331
2026-03-17,2026-03-09T16:00:00,2029-03-12T00:00:00,0.0247067
2026-03-17,2026-03-09T16:00:00,2029-04-11T00:00:00,0.0247884
2026-03-17,2026-03-09T16:00:00,2029-05-11T00:00:00,0.0248727
2026-03-17,2026-03-09T16:00:00,2029-06-11T00:00:00,0.0249621
2026-03-17,2026-03-09T16:00:00,2029-07-11T00:00:00,0.0250506
2026-03-17,2026-03-09T16:00:00,2029-08-13T00:00:00,0.0251496
2026-03-17,2026-03-09T16:00:00,2029-09-11T00:00:00,0.0252377
2026-03-17,2026-03-09T16:00:00,2029-10-11T00:00:00,0.0253296
2026-03-17,2026-03-09T16:00:00,2029-11-12T00:00:00,0.0254281
2026-03-17,2026-03-09T16:00:00,2029-12-11T00:00:00,0.0255174
2026-03-17,2026-03-09T16:00:00,2030-01-11T00:00:00,0.0256125
2026-03-17,2026-03-09T16:00:00,2030-02-11T00:00:00,0.0257068
2026-03-17,2026-03-09T16:00:00,2030-03-11T00:00:00,0.025791
2026-03-17,2026-03-09T16:00:00,2030-04-11T00:00:00,0.0258831
2026-03-17,2026-03-09T16:00:00,2030-05-13T00:00:00,0.0259769
2026-03-17,2026-03-09T16:00:00,2030-06-11T00:00:00,0.0260611
2026-03-17,2026-03-09T16:00:00,2030-07-11T00:00:00,0.0261473
2026-03-17,2026-03-09T16:00:00,2030-08-12T00:00:00,0.0262386
2026-03-17,2026-03-09T16:00:00,2030-09-11T00:00:00,0.0263236
2026-03-17,2026-03-09T16:00:00,2030-10-11T00:00:00,0.0264082
2026-03-17,2026-03-09T16:00:00,2030-11-11T00:00:00,0.0264953
2026-03-17,2026-03-09T16:00:00,2030-12-11T00:00:00,0.0265794
2026-03-17,2026-03-09T16:00:00,2031-01-13T00:00:00,0.0266719
2026-03-17,2026-03-09T16:00:00,2031-02-11T00:00:00,0.0267533
2026-03-17,2026-03-09T16:00:00,2031-03-11T00:00:00,0.0268321
2026-03-17,2026-03-09T16:00:00,2031-04-15T00:00:00,0.026931
2026-03-17,2026-03-09T16:00:00,2031-05-12T00:00:00,0.0270078
2026-03-17,2026-03-09T16:00:00,2031-06-11T00:00:00,0.0270936
2026-03-17,2026-03-09T16:00:00,2031-07-11T00:00:00,0.0271802
2026-03-17,2026-03-09T16:00:00,2031-08-11T00:00:00,0.0272706
2026-03-17,2026-03-09T16:00:00,2031-09-11T00:00:00,0.027362
2026-03-17,2026-03-09T16:00:00,2031-10-13T00:00:00,0.0274576
2026-03-17,2026-03-09T16:00:00,2031-11-11T00:00:00,0.0275455
2026-03-17,2026-03-09T16:00:00,2031-12-11T00:00:00,0.0276377
2026-03-17,2026-03-09T16:00:00,2032-01-12T00:00:00,0.0277378
2026-03-17,2026-03-09T16:00:00,2032-02-11T00:00:00,0.0278333
2026-03-17,2026-03-09T16:00:00,2032-03-11T00:00:00,0.0279272
2026-03-17,2026-03-09T16:00:00,2032-04-12T00:00:00,0.0280328
2026-03-17,2026-03-09T16:00:00,2032-05-11T00:00:00,0.02813
2026-03-17,2026-03-09T16:00:00,2032-06-11T00:00:00,0.0282356
2026-03-17,2026-03-09T16:00:00,2032-07-12T00:00:00,0.0283426
2026-03-17,2026-03-09T16:00:00,2032-08-11T00:00:00,0.0284474
2026-03-17,2026-03-09T16:00:00,2032-09-13T00:00:00,0.028564
2026-03-17,2026-03-09T16:00:00,2032-10-11T00:00:00,0.0286638
2026-03-17,2026-03-09T16:00:00,2032-11-11T00:00:00,0.0287753
2026-03-17,2026-03-09T16:00:00,2032-12-13T00:00:00,0.0288912
2026-03-17,2026-03-09T16:00:00,2033-01-11T00:00:00,0.0289969
2026-03-17,2026-03-09T16:00:00,2033-02-11T00:00:00,0.0291103
2026-03-17,2026-03-09T16:00:00,2033-03-11T00:00:00,0.0292132
2026-03-17,2026-03-09T16:00:00,2033-04-11T00:00:00,0.0293273
2026-03-17,2026-03-09T16:00:00,2033-05-11T00:00:00,0.0294379
2026-03-17,2026-03-09T16:00:00,2033-06-13T00:00:00,0.0295595
2026-03-17,2026-03-09T16:00:00,2033-07-11T00:00:00,0.0296626
2026-03-17,2026-03-09T16:00:00,2033-08-11T00:00:00,0.0297766
2026-03-17,2026-03-09T16:00:00,2033-09-12T00:00:00,0.0298938
2026-03-17,2026-03-09T16:00:00,2033-10-11T00:00:00,0.0299995
2026-03-17,2026-03-09T16:00:00,2033-11-11T00:00:00,0.0301119
2026-03-17,2026-03-09T16:00:00,2033-12-12T00:00:00,0.0302236
2026-03-17,2026-03-09T16:00:00,2034-01-11T00:00:00,0.0303307
2026-03-17,2026-03-09T16:00:00,2034-02-13T00:00:00,0.0304475
2026-03-17,2026-03-09T16:00:00,2034-03-13T00:00:00,0.0305455
2026-03-17,2026-03-09T16:00:00,2034-04-11T00:00:00,0.0306458
2026-03-17,2026-03-09T16:00:00,2034-05-11T00:00:00,0.0307484
2026-03-17,2026-03-09T16:00:00,2034-06-12T00:00:00,0.0308561
2026-03-17,2026-03-09T16:00:00,2034-07-11T00:00:00,0.0309521
2026-03-17,2026-03-09T16:00:00,2034-08-11T00:00:00,0.0310531
2026-03-17,2026-03-09T16:00:00,2034-09-11T00:00:00,0.031152
2026-03-17,2026-03-09T16:00:00,2034-10-11T00:00:00,0.0312458
2026-03-17,2026-03-09T16:00:00,2034-11-13T00:00:00,0.0313469
2026-03-17,2026-03-09T16:00:00,2034-12-11T00:00:00,0.031431
2026-03-17,2026-03-09T16:00:00,2035-01-11T00:00:00,0.0315222
2026-03-17,2026-03-09T16:00:00,2035-02-12T00:00:00,0.0316144
2026-03-17,2026-03-09T16:00:00,2035-03-12T00:00:00,0.0316934
2026-03-17,2026-03-09T16:00:00,2035-04-11T00:00:00,0.0317764
2026-03-17,2026-03-09T16:00:00,2035-05-11T00:00:00,0.0318578
2026-03-17,2026-03-09T16:00:00,2035-06-11T00:00:00,0.0319401
2026-03-17,2026-03-09T16:00:00,2035-07-11T00:00:00,0.0320181
2026-03-17,2026-03-09T16:00:00,2035-08-13T00:00:00,0.0321021
2026-03-17,2026-03-09T16:00:00,2035-09-11T00:00:00,0.0321744
2026-03-17,2026-03-09T16:00:00,2035-10-11T00:00:00,0.0322476
2026-03-17,2026-03-09T16:00:00,2035-11-12T00:00:00,0.0323241
2026-03-17,2026-03-09T16:00:00,2035-12-11T00:00:00,0.032392
2026-03-17,2026-03-09T16:00:00,2036-01-11T00:00:00,0.032463
2026-03-17,2026-03-09T16:00:00,2036-02-11T00:00:00,0.0325326
2026-03-17,2026-03-09T16:00:00,2036-03-11T00:00:00,0.0325963
2026-03-17,2026-03-09T16:00:00,2026-03-11T00:00:00,0.01941
2026-03-17,2026-03-09T16:00:00,2026-04-13T00:00:00,0.0199303
2026-03-17,2026-03-09T16:00:00,2026-05-11T00:00:00,0.0203644
2026-03-17,2026-03-09T16:00:00,2026-06-11T00:00:00,0.0208294
2026-03-17,2026-03-09T16:00:00,2026-07-13T00:00:00,0.0212838
2026-03-17,2026-03-09T16:00:00,2026-08-11T00:00:00,0.0216655
2026-03-17,2026-03-09T16:00:00,2026-09-11T00:00:00,0.0220343
2026-03-17,2026-03-09T16:00:00,2026-10-12T00:00:00,0.0223563
2026-03-17,2026-03-09T16:00:00,2026-11-11T00:00:00,0.0226252
2026-03-17,2026-03-09T16:00:00,2026-12-11T00:00:00,0.0228558
2026-03-17,2026-03-09T16:00:00,2027-01-11T00:00:00,0.0230576
2026-03-17,2026-03-09T16:00:00,2027-02-11T00:00:00,0.0232261
2026-03-17,2026-03-09T16:00:00,2027-03-11T00:00:00,0.0233531
2026-03-17,2026-03-09T16:00:00,2027-04-12T00:00:00,0.0234727
2026-03-17,2026-03-09T16:00:00,2027-05-11T00:00:00,0.023561
2026-03-17,2026-03-09T16:00:00,2027-06-11T00:00:00,0.0236381
2026-03-17,2026-03-09T16:00:00,2027-07-12T00:00:00,0.0237012
2026-03-17,2026-03-09T16:00:00,2027-08-11T00:00:00,0.0237525
2026-03-17,2026-03-09T16:00:00,2027-09-13T00:00:00,0.0238023
2026-03-17,2026-03-09T16:00:00,2027-10-11T00:00:00,0.023841
2026-03-17,2026-03-09T16:00:00,2027-11-11T00:00:00,0.023881
2026-03-17,2026-03-09T16:00:00,2027-12-13T00:00:00,0.0239198
2026-03-17,2026-03-09T16:00:00,2028-01-11T00:00:00,0.0239538
2026-03-17,2026-03-09T16:00:00,2028-02-11T00:00:00,0.0239895
2026-03-17,2026-03-09T16:00:00,2028-03-13T00:00:00,0.0240255
2026-03-17,2026-03-09T16:00:00,2028-04-11T00:00:00,0.0240602
2026-03-17,2026-03-09T16:00:00,2028-05-11T00:00:00,0.0240979
2026-03-17,2026-03-09T16:00:00,2028-06-12T00:00:00,0.0241409
2026-03-17,2026-03-09T16:00:00,2028-07-11T00:00:00,0.0241832
2026-03-17,2026-03-09T16:00:00,2028-08-11T00:00:00,0.0242327
2026-03-17,2026-03-09T16:00:00,2028-09-11T00:00:00,0.0242875
2026-03-17,2026-03-09T16:00:00,2028-10-11T00:00:00,0.0243458
2026-03-17,2026-03-09T16:00:00,2028-11-13T00:00:00,0.0244153
2026-03-17,2026-03-09T16:00:00,2028-12-11T00:00:00,0.0244785
2026-03-17,2026-03-09T16:00:00,2029-01-11T00:00:00,0.0245526
2026-03-17,2026-03-09T16:00:00,2029-02-12T00:00:00,0.0246331
2026-03-17,2026-03-09T16:00:00,2029-03-12T00:00:00,0.0247067
2026-03-17,2026-03-09T16:00:00,2029-04-11T00:00:00,0.0247884
2026-03-17,2026-03-09T16:00:00,2029-05-11T00:00:00,0.0248727
2026-03-17,2026-03-09T16:00:00,2029-06-11T00:00:00,0.0249621
2026-03-17,2026-03-09T16:00:00,2029-07-11T00:00:00,0.0250506
2026-03-17,2026-03-09T16:00:00,2029-08-13T00:00:00,0.0251496
2026-03-17,2026-03-09T16:00:00,2029-09-11T00:00:00,0.0252377
2026-03-17,2026-03-09T16:00:00,2029-10-11T00:00:00,0.0253296
2026-03-17,2026-03-09T16:00:00,2029-11-12T00:00:00,0.0254281
2026-03-17,2026-03-09T16:00:00,2029-12-11T00:00:00,0.0255174
2026-03-17,2026-03-09T16:00:00,2030-01-11T00:00:00,0.0256125
2026-03-17,2026-03-09T16:00:00,2030-02-11T00:00:00,0.0257068
2026-03-17,2026-03-09T16:00:00,2030-03-11T00:00:00,0.025791
2026-03-17,2026-03-09T16:00:00,2030-04-11T00:00:00,0.0258831
2026-03-17,2026-03-09T16:00:00,2030-05-13T00:00:00,0.0259769
2026-03-17,2026-03-09T16:00:00,2030-06-11T00:00:00,0.0260611
2026-03-17,2026-03-09T16:00:00,2030-07-11T00:00:00,0.0261473
2026-03-17,2026-03-09T16:00:00,2030-08-12T00:00:00,0.0262386
2026-03-17,2026-03-09T16:00:00,2030-09-11T00:00:00,0.0263236
2026-03-17,2026-03-09T16:00:00,2030-10-11T00:00:00,0.0264082
2026-03-17,2026-03-09T16:00:00,2030-11-11T00:00:00,0.0264953
2026-03-17,2026-03-09T16:00:00,2030-12-11T00:00:00,0.0265794
2026-03-17,2026-03-09T16:00:00,2031-01-13T00:00:00,0.0266719
2026-03-17,2026-03-09T16:00:00,2031-02-11T00:00:00,0.0267533
2026-03-17,2026-03-09T16:00:00,2031-03-11T00:00:00,0.0268321
2026-03-17,2026-03-09T16:00:00,2031-04-15T00:00:00,0.026931
2026-03-17,2026-03-09T16:00:00,2031-05-12T00:00:00,0.0270078
2026-03-17,2026-03-09T16:00:00,2031-06-11T00:00:00,0.0270936
2026-03-17,2026-03-09T16:00:00,2031-07-11T00:00:00,0.0271802
2026-03-17,2026-03-09T16:00:00,2031-08-11T00:00:00,0.0272706
2026-03-17,2026-03-09T16:00:00,2031-09-11T00:00:00,0.027362
2026-03-17,2026-03-09T16:00:00,2031-10-13T00:00:00,0.0274576
2026-03-17,2026-03-09T16:00:00,2031-11-11T00:00:00,0.0275455
2026-03-17,2026-03-09T16:00:00,2031-12-11T00:00:00,0.0276377
2026-03-17,2026-03-09T16:00:00,2032-01-12T00:00:00,0.0277378
2026-03-17,2026-03-09T16:00:00,2032-02-11T00:00:00,0.0278333
2026-03-17,2026-03-09T16:00:00,2032-03-11T00:00:00,0.0279272
2026-03-17,2026-03-09T16:00:00,2032-04-12T00:00:00,0.0280328
2026-03-17,2026-03-09T16:00:00,2032-05-11T00:00:00,0.02813
2026-03-17,2026-03-09T16:00:00,2032-06-11T00:00:00,0.0282356
2026-03-17,2026-03-09T16:00:00,2032-07-12T00:00:00,0.0283426
2026-03-17,2026-03-09T16:00:00,2032-08-11T00:00:00,0.0284474
2026-03-17,2026-03-09T16:00:00,2032-09-13T00:00:00,0.028564
2026-03-17,2026-03-09T16:00:00,2032-10-11T00:00:00,0.0286638
2026-03-17,2026-03-09T16:00:00,2032-11-11T00:00:00,0.0287753
2026-03-17,2026-03-09T16:00:00,2032-12-13T00:00:00,0.0288912
2026-03-17,2026-03-09T16:00:00,2033-01-11T00:00:00,0.0289969
2026-03-17,2026-03-09T16:00:00,2033-02-11T00:00:00,0.0291103
2026-03-17,2026-03-09T16:00:00,2033-03-11T00:00:00,0.0292132
2026-03-17,2026-03-09T16:00:00,2033-04-11T00:00:00,0.0293273
2026-03-17,2026-03-09T16:00:00,2033-05-11T00:00:00,0.0294379
2026-03-17,2026-03-09T16:00:00,2033-06-13T00:00:00,0.0295595
2026-03-17,2026-03-09T16:00:00,2033-07-11T00:00:00,0.0296626
2026-03-17,2026-03-09T16:00:00,2033-08-11T00:00:00,0.0297766
2026-03-17,2026-03-09T16:00:00,2033-09-12T00:00:00,0.0298938
2026-03-17,2026-03-09T16:00:00,2033-10-11T00:00:00,0.0299995
2026-03-17,2026-03-09T16:00:00,2033-11-11T00:00:00,0.0301119
2026-03-17,2026-03-09T16:00:00,2033-12-12T00:00:00,0.0302236
2026-03-17,2026-03-09T16:00:00,2034-01-11T00:00:00,0.0303307
2026-03-17,2026-03-09T16:00:00,2034-02-13T00:00:00,0.0304475
2026-03-17,2026-03-09T16:00:00,2034-03-13T00:00:00,0.0305455
2026-03-17,2026-03-09T16:00:00,2034-04-11T00:00:00,0.0306458
2026-03-17,2026-03-09T16:00:00,2034-05-11T00:00:00,0.0307484
2026-03-17,2026-03-09T16:00:00,2034-06-12T00:00:00,0.0308561
2026-03-17,2026-03-09T16:00:00,2034-07-11T00:00:00,0.0309521
2026-03-17,2026-03-09T16:00:00,2034-08-11T00:00:00,0.0310531
2026-03-17,2026-03-09T16:00:00,2034-09-11T00:00:00,0.031152
2026-03-17,2026-03-09T16:00:00,2034-10-11T00:00:00,0.0312458
2026-03-17,2026-03-09T16:00:00,2034-11-13T00:00:00,0.0313469
2026-03-17,2026-03-09T16:00:00,2034-12-11T00:00:00,0.031431
2026-03-17,2026-03-09T16:00:00,2035-01-11T00:00:00,0.0315222
2026-03-17,2026-03-09T16:00:00,2035-02-12T00:00:00,0.0316144
2026-03-17,2026-03-09T16:00:00,2035-03-12T00:00:00,0.0316934
2026-03-17,2026-03-09T16:00:00,2035-04-11T00:00:00,0.0317764
2026-03-17,2026-03-09T16:00:00,2035-05-11T00:00:00,0.0318578
2026-03-17,2026-03-09T16:00:00,2035-06-11T00:00:00,0.0319401
2026-03-17,2026-03-09T16:00:00,2035-07-11T00:00:00,0.0320181
2026-03-17,2026-03-09T16:00:00,2035-08-13T00:00:00,0.0321021
2026-03-17,2026-03-09T16:00:00,2035-09-11T00:00:00,0.0321744
2026-03-17,2026-03-09T16:00:00,2035-10-11T00:00:00,0.0322476
2026-03-17,2026-03-09T16:00:00,2035-11-12T00:00:00,0.0323241
2026-03-17,2026-03-09T16:00:00,2035-12-11T00:00:00,0.032392
2026-03-17,2026-03-09T16:00:00,2036-01-11T00:00:00,0.032463
2026-03-17,2026-03-09T16:00:00,2036-02-11T00:00:00,0.0325326
2026-03-17,2026-03-09T16:00:00,2036-03-11T00:00:00,0.0325963
2026-03-18,2026-03-09T16:00:00,2026-03-11T00:00:00,0.01941
2026-03-18,2026-03-09T16:00:00,2026-04-13T00:00:00,0.0199303
2026-03-18,2026-03-09T16:00:00,2026-05-11T00:00:00,0.0203644
2026-03-18,2026-03-09T16:00:00,2026-06-11T00:00:00,0.0208294
2026-03-18,2026-03-09T16:00:00,2026-07-13T00:00:00,0.0212838
2026-03-18,2026-03-09T16:00:00,2026-08-11T00:00:00,0.0216655
2026-03-18,2026-03-09T16:00:00,2026-09-11T00:00:00,0.0220343
2026-03-18,2026-03-09T16:00:00,2026-10-12T00:00:00,0.0223563
2026-03-18,2026-03-09T16:00:00,2026-11-11T00:00:00,0.0226252
2026-03-18,2026-03-09T16:00:00,2026-12-11T00:00:00,0.0228558
2026-03-18,2026-03-09T16:00:00,2027-01-11T00:00:00,0.0230576
2026-03-18,2026-03-09T16:00:00,2027-02-11T00:00:00,0.0232261
2026-03-18,2026-03-09T16:00:00,2027-03-11T00:00:00,0.0233531
2026-03-18,2026-03-09T16:00:00,2027-04-12T00:00:00,0.0234727
2026-03-18,2026-03-09T16:00:00,2027-05-11T00:00:00,0.023561
2026-03-18,2026-03-09T16:00:00,2027-06-11T00:00:00,0.0236381
2026-03-18,2026-03-09T16:00:00,2027-07-12T00:00:00,0.0237012
2026-03-18,2026-03-09T16:00:00,2027-08-11T00:00:00,0.0237525
2026-03-18,2026-03-09T16:00:00,2027-09-13T00:00:00,0.0238023
2026-03-18,2026-03-09T16:00:00,2027-10-11T00:00:00,0.023841
2026-03-18,2026-03-09T16:00:00,2027-11-11T00:00:00,0.023881
2026-03-18,2026-03-09T16:00:00,2027-12-13T00:00:00,0.0239198
2026-03-18,2026-03-09T16:00:00,2028-01-11T00:00:00,0.0239538
2026-03-18,2026-03-09T16:00:00,2028-02-11T00:00:00,0.0239895
2026-03-18,2026-03-09T16:00:00,2028-03-13T00:00:00,0.0240255
2026-03-18,2026-03-09T16:00:00,2028-04-11T00:00:00,0.0240602
2026-03-18,2026-03-09T16:00:00,2028-05-11T00:00:00,0.0240979
2026-03-18,2026-03-09T16:00:00,2028-06-12T00:00:00,0.0241409
2026-03-18,2026-03-09T16:00:00,2028-07-11T00:00:00,0.0241832
2026-03-18,2026-03-09T16:00:00,2028-08-11T00:00:00,0.0242327
2026-03-18,2026-03-09T16:00:00,2028-09-11T00:00:00,0.0242875
2026-03-18,2026-03-09T16:00:00,2028-10-11T00:00:00,0.0243458
2026-03-18,2026-03-09T16:00:00,2028-11-13T00:00:00,0.0244153
2026-03-18,2026-03-09T16:00:00,2028-12-11T00:00:00,0.0244785
2026-03-18,2026-03-09T16:00:00,2029-01-11T00:00:00,0.0245526
2026-03-18,2026-03-09T16:00:00,2029-02-12T00:00:00,0.0246331
2026-03-18,2026-03-09T16:00:00,2029-03-12T00:00:00,0.0247067
2026-03-18,2026-03-09T16:00:00,2029-04-11T00:00:00,0.0247884
2026-03-18,2026-03-09T16:00:00,2029-05-11T00:00:00,0.0248727
2026-03-18,2026-03-09T16:00:00,2029-06-11T00:00:00,0.0249621
2026-03-18,2026-03-09T16:00:00,2029-07-11T00:00:00,0.0250506
2026-03-18,2026-03-09T16:00:00,2029-08-13T00:00:00,0.0251496
2026-03-18,2026-03-09T16:00:00,2029-09-11T00:00:00,0.0252377
2026-03-18,2026-03-09T16:00:00,2029-10-11T00:00:00,0.0253296
2026-03-18,2026-03-09T16:00:00,2029-11-12T00:00:00,0.0254281
2026-03-18,2026-03-09T16:00:00,2029-12-11T00:00:00,0.0255174
2026-03-18,2026-03-09T16:00:00,2030-01-11T00:00:00,0.0256125
2026-03-18,2026-03-09T16:00:00,2030-02-11T00:00:00,0.0257068
2026-03-18,2026-03-09T16:00:00,2030-03-11T00:00:00,0.025791
2026-03-18,2026-03-09T16:00:00,2030-04-11T00:00:00,0.0258831
2026-03-18,2026-03-09T16:00:00,2030-05-13T00:00:00,0.0259769
2026-03-18,2026-03-09T16:00:00,2030-06-11T00:00:00,0.0260611
2026-03-18,2026-03-09T16:00:00,2030-07-11T00:00:00,0.0261473
2026-03-18,2026-03-09T16:00:00,2030-08-12T00:00:00,0.0262386
2026-03-18,2026-03-09T16:00:00,2030-09-11T00:00:00,0.0263236
2026-03-18,2026-03-09T16:00:00,2030-10-11T00:00:00,0.0264082
2026-03-18,2026-03-09T16:00:00,2030-11-11T00:00:00,0.0264953
2026-03-18,2026-03-09T16:00:00,2030-12-11T00:00:00,0.0265794
2026-03-18,2026-03-09T16:00:00,2031-01-13T00:00:00,0.0266719
2026-03-18,2026-03-09T16:00:00,2031-02-11T00:00:00,0.0267533
2026-03-18,2026-03-09T16:00:00,2031-03-11T00:00:00,0.0268321
2026-03-18,2026-03-09T16:00:00,2031-04-15T00:00:00,0.026931
2026-03-18,2026-03-09T16:00:00,2031-05-12T00:00:00,0.0270078
2026-03-18,2026-03-09T16:00:00,2031-06-11T00:00:00,0.0270936
2026-03-18,2026-03-09T16:00:00,2031-07-11T00:00:00,0.0271802
2026-03-18,2026-03-09T16:00:00,2031-08-11T00:00:00,0.0272706
2026-03-18,2026-03-09T16:00:00,2031-09-11T00:00:00,0.027362
2026-03-18,2026-03-09T16:00:00,2031-10-13T00:00:00,0.0274576
2026-03-18,2026-03-09T16:00:00,2031-11-11T00:00:00,0.0275455
2026-03-18,2026-03-09T16:00:00,2031-12-11T00:00:00,0.0276377
2026-03-18,2026-03-09T16:00:00,2032-01-12T00:00:00,0.0277378
2026-03-18,2026-03-09T16:00:00,2032-02-11T00:00:00,0.0278333
2026-03-18,2026-03-09T16:00:00,2032-03-11T00:00:00,0.0279272
2026-03-18,2026-03-09T16:00:00,2032-04-12T00:00:00,0.0280328
2026-03-18,2026-03-09T16:00:00,2032-05-11T00:00:00,0.02813
2026-03-18,2026-03-09T16:00:00,2032-06-11T00:00:00,0.0282356
2026-03-18,2026-03-09T16:00:00,2032-07-12T00:00:00,0.0283426
2026-03-18,2026-03-09T16:00:00,2032-08-11T00:00:00,0.0284474
2026-03-18,2026-03-09T16:00:00,2032-09-13T00:00:00,0.028564
2026-03-18,2026-03-09T16:00:00,2032-10-11T00:00:00,0.0286638
2026-03-18,2026-03-09T16:00:00,2032-11-11T00:00:00,0.0287753
2026-03-18,2026-03-09T16:00:00,2032-12-13T00:00:00,0.0288912
2026-03-18,2026-03-09T16:00:00,2033-01-11T00:00:00,0.0289969
2026-03-18,2026-03-09T16:00:00,2033-02-11T00:00:00,0.0291103
2026-03-18,2026-03-09T16:00:00,2033-03-11T00:00:00,0.0292132
2026-03-18,2026-03-09T16:00:00,2033-04-11T00:00:00,0.0293273
2026-03-18,2026-03-09T16:00:00,2033-05-11T00:00:00,0.0294379
2026-03-18,2026-03-09T16:00:00,2033-06-13T00:00:00,0.0295595
2026-03-18,2026-03-09T16:00:00,2033-07-11T00:00:00,0.0296626
2026-03-18,2026-03-09T16:00:00,2033-08-11T00:00:00,0.0297766
2026-03-18,2026-03-09T16:00:00,2033-09-12T00:00:00,0.0298938
2026-03-18,2026-03-09T16:00:00,2033-10-11T00:00:00,0.0299995
2026-03-18,2026-03-09T16:00:00,2033-11-11T00:00:00,0.0301119
2026-03-18,2026-03-09T16:00:00,2033-12-12T00:00:00,0.0302236
2026-03-18,2026-03-09T16:00:00,2034-01-11T00:00:00,0.0303307
2026-03-18,2026-03-09T16:00:00,2034-02-13T00:00:00,0.0304475
2026-03-18,2026-03-09T16:00:00,2034-03-13T00:00:00,0.0305455
2026-03-18,2026-03-09T16:00:00,2034-04-11T00:00:00,0.0306458
2026-03-18,2026-03-09T16:00:00,2034-05-11T00:00:00,0.0307484
2026-03-18,2026-03-09T16:00:00,2034-06-12T00:00:00,0.0308561
2026-03-18,2026-03-09T16:00:00,2034-07-11T00:00:00,0.0309521
2026-03-18,2026-03-09T16:00:00,2034-08-11T00:00:00,0.0310531
2026-03-18,2026-03-09T16:00:00,2034-09-11T00:00:00,0.031152
2026-03-18,2026-03-09T16:00:00,2034-10-11T00:00:00,0.0312458
2026-03-18,2026-03-09T16:00:00,2034-11-13T00:00:00,0.0313469
2026-03-18,2026-03-09T16:00:00,2034-12-11T00:00:00,0.031431
2026-03-18,2026-03-09T16:00:00,2035-01-11T00:00:00,0.0315222
2026-03-18,2026-03-09T16:00:00,2035-02-12T00:00:00,0.0316144
2026-03-18,2026-03-09T16:00:00,2035-03-12T00:00:00,0.0316934
2026-03-18,2026-03-09T16:00:00,2035-04-11T00:00:00,0.0317764
2026-03-18,2026-03-09T16:00:00,2035-05-11T00:00:00,0.0318578
2026-03-18,2026-03-09T16:00:00,2035-06-11T00:00:00,0.0319401
2026-03-18,2026-03-09T16:00:00,2035-07-11T00:00:00,0.0320181
2026-03-18,2026-03-09T16:00:00,2035-08-13T00:00:00,0.0321021
2026-03-18,2026-03-09T16:00:00,2035-09-11T00:00:00,0.0321744
2026-03-18,2026-03-09T16:00:00,2035-10-11T00:00:00,0.0322476
2026-03-18,2026-03-09T16:00:00,2035-11-12T00:00:00,0.0323241
2026-03-18,2026-03-09T16:00:00,2035-12-11T00:00:00,0.032392
2026-03-18,2026-03-09T16:00:00,2036-01-11T00:00:00,0.032463
2026-03-18,2026-03-09T16:00:00,2036-02-11T00:00:00,0.0325326
2026-03-18,2026-03-09T16:00:00,2036-03-11T00:00:00,0.0325963
2026-03-19,2026-03-09T16:00:00,2026-03-11T00:00:00,0.01941
2026-03-19,2026-03-09T16:00:00,2026-04-13T00:00:00,0.0199303
2026-03-19,2026-03-09T16:00:00,2026-05-11T00:00:00,0.0203644
2026-03-19,2026-03-09T16:00:00,2026-06-11T00:00:00,0.0208294
2026-03-19,2026-03-09T16:00:00,2026-07-13T00:00:00,0.0212838
2026-03-19,2026-03-09T16:00:00,2026-08-11T00:00:00,0.0216655
2026-03-19,2026-03-09T16:00:00,2026-09-11T00:00:00,0.0220343
2026-03-19,2026-03-09T16:00:00,2026-10-12T00:00:00,0.0223563
2026-03-19,2026-03-09T16:00:00,2026-11-11T00:00:00,0.0226252
2026-03-19,2026-03-09T16:00:00,2026-12-11T00:00:00,0.0228558
2026-03-19,2026-03-09T16:00:00,2027-01-11T00:00:00,0.0230576
2026-03-19,2026-03-09T16:00:00,2027-02-11T00:00:00,0.0232261
2026-03-19,2026-03-09T16:00:00,2027-03-11T00:00:00,0.0233531
2026-03-19,2026-03-09T16:00:00,2027-04-12T00:00:00,0.0234727
2026-03-19,2026-03-09T16:00:00,2027-05-11T00:00:00,0.023561
2026-03-19,2026-03-09T16:00:00,2027-06-11T00:00:00,0.0236381
2026-03-19,2026-03-09T16:00:00,2027-07-12T00:00:00,0.0237012
2026-03-19,2026-03-09T16:00:00,2027-08-11T00:00:00,0.0237525
2026-03-19,2026-03-09T16:00:00,2027-09-13T00:00:00,0.0238023
2026-03-19,2026-03-09T16:00:00,2027-10-11T00:00:00,0.023841
2026-03-19,2026-03-09T16:00:00,2027-11-11T00:00:00,0.023881
2026-03-19,2026-03-09T16:00:00,2027-12-13T00:00:00,0.0239198
2026-03-19,2026-03-09T16:00:00,2028-01-11T00:00:00,0.0239538
2026-03-19,2026-03-09T16:00:00,2028-02-11T00:00:00,0.0239895
2026-03-19,2026-03-09T16:00:00,2028-03-13T00:00:00,0.0240255
2026-03-19,2026-03-09T16:00:00,2028-04-11T00:00:00,0.0240602
2026-03-19,2026-03-09T16:00:00,2028-05-11T00:00:00,0.0240979
2026-03-19,2026-03-09T16:00:00,2028-06-12T00:00:00,0.0241409
2026-03-19,2026-03-09T16:00:00,2028-07-11T00:00:00,0.0241832
2026-03-19,2026-03-09T16:00:00,2028-08-11T00:00:00,0.0242327
2026-03-19,2026-03-09T16:00:00,2028-09-11T00:00:00,0.0242875
2026-03-19,2026-03-09T16:00:00,2028-10-11T00:00:00,0.0243458
2026-03-19,2026-03-09T16:00:00,2028-11-13T00:00:00,0.0244153
2026-03-19,2026-03-09T16:00:00,2028-12-11T00:00:00,0.0244785
2026-03-19,2026-03-09T16:00:00,2029-01-11T00:00:00,0.0245526
2026-03-19,2026-03-09T16:00:00,2029-02-12T00:00:00,0.0246331
2026-03-19,2026-03-09T16:00:00,2029-03-12T00:00:00,0.0247067
2026-03-19,2026-03-09T16:00:00,2029-04-11T00:00:00,0.0247884
2026-03-19,2026-03-09T16:00:00,2029-05-11T00:00:00,0.0248727
2026-03-19,2026-03-09T16:00:00,2029-06-11T00:00:00,0.0249621
2026-03-19,2026-03-09T16:00:00,2029-07-11T00:00:00,0.0250506
2026-03-19,2026-03-09T16:00:00,2029-08-13T00:00:00,0.0251496
2026-03-19,2026-03-09T16:00:00,2029-09-11T00:00:00,0.0252377
2026-03-19,2026-03-09T16:00:00,2029-10-11T00:00:00,0.0253296
2026-03-19,2026-03-09T16:00:00,2029-11-12T00:00:00,0.0254281
2026-03-19,2026-03-09T16:00:00,2029-12-11T00:00:00,0.0255174
2026-03-19,2026-03-09T16:00:00,2030-01-11T00:00:00,0.0256125
2026-03-19,2026-03-09T16:00:00,2030-02-11T00:00:00,0.0257068
2026-03-19,2026-03-09T16:00:00,2030-03-11T00:00:00,0.025791
2026-03-19,2026-03-09T16:00:00,2030-04-11T00:00:00,0.0258831
2026-03-19,2026-03-09T16:00:00,2030-05-13T00:00:00,0.0259769
2026-03-19,2026-03-09T16:00:00,2030-06-11T00:00:00,0.0260611
2026-03-19,2026-03-09T16:00:00,2030-07-11T00:00:00,0.0261473
2026-03-19,2026-03-09T16:00:00,2030-08-12T00:00:00,0.0262386
2026-03-19,2026-03-09T16:00:00,2030-09-11T00:00:00,0.0263236
2026-03-19,2026-03-09T16:00:00,2030-10-11T00:00:00,0.0264082
2026-03-19,2026-03-09T16:00:00,2030-11-11T00:00:00,0.0264953
2026-03-19,2026-03-09T16:00:00,2030-12-11T00:00:00,0.0265794
2026-03-19,2026-03-09T16:00:00,2031-01-13T00:00:00,0.0266719
2026-03-19,2026-03-09T16:00:00,2031-02-11T00:00:00,0.0267533
2026-03-19,2026-03-09T16:00:00,2031-03-11T00:00:00,0.0268321
2026-03-19,2026-03-09T16:00:00,2031-04-15T00:00:00,0.026931
2026-03-19,2026-03-09T16:00:00,2031-05-12T00:00:00,0.0270078
2026-03-19,2026-03-09T16:00:00,2031-06-11T00:00:00,0.0270936
2026-03-19,2026-03-09T16:00:00,2031-07-11T00:00:00,0.0271802
2026-03-19,2026-03-09T16:00:00,2031-08-11T00:00:00,0.0272706
2026-03-19,2026-03-09T16:00:00,2031-09-11T00:00:00,0.027362
2026-03-19,2026-03-09T16:00:00,2031-10-13T00:00:00,0.0274576
2026-03-19,2026-03-09T16:00:00,2031-11-11T00:00:00,0.0275455
2026-03-19,2026-03-09T16:00:00,2031-12-11T00:00:00,0.0276377
2026-03-19,2026-03-09T16:00:00,2032-01-12T00:00:00,0.0277378
2026-03-19,2026-03-09T16:00:00,2032-02-11T00:00:00,0.0278333
2026-03-19,2026-03-09T16:00:00,2032-03-11T00:00:00,0.0279272
2026-03-19,2026-03-09T16:00:00,2032-04-12T00:00:00,0.0280328
2026-03-19,2026-03-09T16:00:00,2032-05-11T00:00:00,0.02813
2026-03-19,2026-03-09T16:00:00,2032-06-11T00:00:00,0.0282356
2026-03-19,2026-03-09T16:00:00,2032-07-12T00:00:00,0.0283426
2026-03-19,2026-03-09T16:00:00,2032-08-11T00:00:00,0.0284474
2026-03-19,2026-03-09T16:00:00,2032-09-13T00:00:00,0.028564
2026-03-19,2026-03-09T16:00:00,2032-10-11T00:00:00,0.0286638
2026-03-19,2026-03-09T16:00:00,2032-11-11T00:00:00,0.0287753
2026-03-19,2026-03-09T16:00:00,2032-12-13T00:00:00,0.0288912
2026-03-19,2026-03-09T16:00:00,2033-01-11T00:00:00,0.0289969
2026-03-19,2026-03-09T16:00:00,2033-02-11T00:00:00,0.0291103
2026-03-19,2026-03-09T16:00:00,2033-03-11T00:00:00,0.0292132
2026-03-19,2026-03-09T16:00:00,2033-04-11T00:00:00,0.0293273
2026-03-19,2026-03-09T16:00:00,2033-05-11T00:00:00,0.0294379
2026-03-19,2026-03-09T16:00:00,2033-06-13T00:00:00,0.0295595
2026-03-19,2026-03-09T16:00:00,2033-07-11T00:00:00,0.0296626
2026-03-19,2026-03-09T16:00:00,2033-08-11T00:00:00,0.0297766
2026-03-19,2026-03-09T16:00:00,2033-09-12T00:00:00,0.0298938
2026-03-19,2026-03-09T16:00:00,2033-10-11T00:00:00,0.0299995
2026-03-19,2026-03-09T16:00:00,2033-11-11T00:00:00,0.0301119
2026-03-19,2026-03-09T16:00:00,2033-12-12T00:00:00,0.0302236
2026-03-19,2026-03-09T16:00:00,2034-01-11T00:00:00,0.0303307
2026-03-19,2026-03-09T16:00:00,2034-02-13T00:00:00,0.0304475
2026-03-19,2026-03-09T16:00:00,2034-03-13T00:00:00,0.0305455
2026-03-19,2026-03-09T16:00:00,2034-04-11T00:00:00,0.0306458
2026-03-19,2026-03-09T16:00:00,2034-05-11T00:00:00,0.0307484
2026-03-19,2026-03-09T16:00:00,2034-06-12T00:00:00,0.0308561
2026-03-19,2026-03-09T16:00:00,2034-07-11T00:00:00,0.0309521
2026-03-19,2026-03-09T16:00:00,2034-08-11T00:00:00,0.0310531
2026-03-19,2026-03-09T16:00:00,2034-09-11T00:00:00,0.031152
2026-03-19,2026-03-09T16:00:00,2034-10-11T00:00:00,0.0312458
2026-03-19,2026-03-09T16:00:00,2034-11-13T00:00:00,0.0313469
2026-03-19,2026-03-09T16:00:00,2034-12-11T00:00:00,0.031431
2026-03-19,2026-03-09T16:00:00,2035-01-11T00:00:00,0.0315222
2026-03-19,2026-03-09T16:00:00,2035-02-12T00:00:00,0.0316144
2026-03-19,2026-03-09T16:00:00,2035-03-12T00:00:00,0.0316934
2026-03-19,2026-03-09T16:00:00,2035-04-11T00:00:00,0.0317764
2026-03-19,2026-03-09T16:00:00,2035-05-11T00:00:00,0.0318578
2026-03-19,2026-03-09T16:00:00,2035-06-11T00:00:00,0.0319401
2026-03-19,2026-03-09T16:00:00,2035-07-11T00:00:00,0.0320181
2026-03-19,2026-03-09T16:00:00,2035-08-13T00:00:00,0.0321021
2026-03-19,2026-03-09T16:00:00,2035-09-11T00:00:00,0.0321744
2026-03-19,2026-03-09T16:00:00,2035-10-11T00:00:00,0.0322476
2026-03-19,2026-03-09T16:00:00,2035-11-12T00:00:00,0.0323241
2026-03-19,2026-03-09T16:00:00,2035-12-11T00:00:00,0.032392
2026-03-19,2026-03-09T16:00:00,2036-01-11T00:00:00,0.032463
2026-03-19,2026-03-09T16:00:00,2036-02-11T00:00:00,0.0325326
2026-03-19,2026-03-09T16:00:00,2036-03-11T00:00:00,0.0325963
2026-03-20,2026-03-09T16:00:00,2026-03-11T00:00:00,0.01941
2026-03-20,2026-03-09T16:00:00,2026-04-13T00:00:00,0.0199303
2026-03-20,2026-03-09T16:00:00,2026-05-11T00:00:00,0.0203644
2026-03-20,2026-03-09T16:00:00,2026-06-11T00:00:00,0.0208294
2026-03-20,2026-03-09T16:00:00,2026-07-13T00:00:00,0.0212838
2026-03-20,2026-03-09T16:00:00,2026-08-11T00:00:00,0.0216655
2026-03-20,2026-03-09T16:00:00,2026-09-11T00:00:00,0.0220343
2026-03-20,2026-03-09T16:00:00,2026-10-12T00:00:00,0.0223563
2026-03-20,2026-03-09T16:00:00,2026-11-11T00:00:00,0.0226252
2026-03-20,2026-03-09T16:00:00,2026-12-11T00:00:00,0.0228558
2026-03-20,2026-03-09T16:00:00,2027-01-11T00:00:00,0.0230576
2026-03-20,2026-03-09T16:00:00,2027-02-11T00:00:00,0.0232261
2026-03-20,2026-03-09T16:00:00,2027-03-11T00:00:00,0.0233531
2026-03-20,2026-03-09T16:00:00,2027-04-12T00:00:00,0.0234727
2026-03-20,2026-03-09T16:00:00,2027-05-11T00:00:00,0.023561
2026-03-20,2026-03-09T16:00:00,2027-06-11T00:00:00,0.0236381
2026-03-20,2026-03-09T16:00:00,2027-07-12T00:00:00,0.0237012
2026-03-20,2026-03-09T16:00:00,2027-08-11T00:00:00,0.0237525
2026-03-20,2026-03-09T16:00:00,2027-09-13T00:00:00,0.0238023
2026-03-20,2026-03-09T16:00:00,2027-10-11T00:00:00,0.023841
2026-03-20,2026-03-09T16:00:00,2027-11-11T00:00:00,0.023881
2026-03-20,2026-03-09T16:00:00,2027-12-13T00:00:00,0.0239198
2026-03-20,2026-03-09T16:00:00,2028-01-11T00:00:00,0.0239538
2026-03-20,2026-03-09T16:00:00,2028-02-11T00:00:00,0.0239895
2026-03-20,2026-03-09T16:00:00,2028-03-13T00:00:00,0.0240255
2026-03-20,2026-03-09T16:00:00,2028-04-11T00:00:00,0.0240602
2026-03-20,2026-03-09T16:00:00,2028-05-11T00:00:00,0.0240979
2026-03-20,2026-03-09T16:00:00,2028-06-12T00:00:00,0.0241409
2026-03-20,2026-03-09T16:00:00,2028-07-11T00:00:00,0.0241832
2026-03-20,2026-03-09T16:00:00,2028-08-11T00:00:00,0.0242327
2026-03-20,2026-03-09T16:00:00,2028-09-11T00:00:00,0.0242875
2026-03-20,2026-03-09T16:00:00,2028-10-11T00:00:00,0.0243458
2026-03-20,2026-03-09T16:00:00,2028-11-13T00:00:00,0.0244153
2026-03-20,2026-03-09T16:00:00,2028-12-11T00:00:00,0.0244785
2026-03-20,2026-03-09T16:00:00,2029-01-11T00:00:00,0.0245526
2026-03-20,2026-03-09T16:00:00,2029-02-12T00:00:00,0.0246331
2026-03-20,2026-03-09T16:00:00,2029-03-12T00:00:00,0.0247067
2026-03-20,2026-03-09T16:00:00,2029-04-11T00:00:00,0.0247884
2026-03-20,2026-03-09T16:00:00,2029-05-11T00:00:00,0.0248727
2026-03-20,2026-03-09T16:00:00,2029-06-11T00:00:00,0.0249621
2026-03-20,2026-03-09T16:00:00,2029-07-11T00:00:00,0.0250506
2026-03-20,2026-03-09T16:00:00,2029-08-13T00:00:00,0.0251496
2026-03-20,2026-03-09T16:00:00,2029-09-11T00:00:00,0.0252377
2026-03-20,2026-03-09T16:00:00,2029-10-11T00:00:00,0.0253296
2026-03-20,2026-03-09T16:00:00,2029-11-12T00:00:00,0.0254281
2026-03-20,2026-03-09T16:00:00,2029-12-11T00:00:00,0.0255174
2026-03-20,2026-03-09T16:00:00,2030-01-11T00:00:00,0.0256125
2026-03-20,2026-03-09T16:00:00,2030-02-11T00:00:00,0.0257068
2026-03-20,2026-03-09T16:00:00,2030-03-11T00:00:00,0.025791
2026-03-20,2026-03-09T16:00:00,2030-04-11T00:00:00,0.0258831
2026-03-20,2026-03-09T16:00:00,2030-05-13T00:00:00,0.0259769
2026-03-20,2026-03-09T16:00:00,2030-06-11T00:00:00,0.0260611
2026-03-20,2026-03-09T16:00:00,2030-07-11T00:00:00,0.0261473
2026-03-20,2026-03-09T16:00:00,2030-08-12T00:00:00,0.0262386
2026-03-20,2026-03-09T16:00:00,2030-09-11T00:00:00,0.0263236
2026-03-20,2026-03-09T16:00:00,2030-10-11T00:00:00,0.0264082
2026-03-20,2026-03-09T16:00:00,2030-11-11T00:00:00,0.0264953
2026-03-20,2026-03-09T16:00:00,2030-12-11T00:00:00,0.0265794
2026-03-20,2026-03-09T16:00:00,2031-01-13T00:00:00,0.0266719
2026-03-20,2026-03-09T16:00:00,2031-02-11T00:00:00,0.0267533
2026-03-20,2026-03-09T16:00:00,2031-03-11T00:00:00,0.0268321
2026-03-20,2026-03-09T16:00:00,2031-04-15T00:00:00,0.026931
2026-03-20,2026-03-09T16:00:00,2031-05-12T00:00:00,0.0270078
2026-03-20,2026-03-09T16:00:00,2031-06-11T00:00:00,0.0270936
2026-03-20,2026-03-09T16:00:00,2031-07-11T00:00:00,0.0271802
2026-03-20,2026-03-09T16:00:00,2031-08-11T00:00:00,0.0272706
2026-03-20,2026-03-09T16:00:00,2031-09-11T00:00:00,0.027362
2026-03-20,2026-03-09T16:00:00,2031-10-13T00:00:00,0.0274576
2026-03-20,2026-03-09T16:00:00,2031-11-11T00:00:00,0.0275455
2026-03-20,2026-03-09T16:00:00,2031-12-11T00:00:00,0.0276377
2026-03-20,2026-03-09T16:00:00,2032-01-12T00:00:00,0.0277378
2026-03-20,2026-03-09T16:00:00,2032-02-11T00:00:00,0.0278333
2026-03-20,2026-03-09T16:00:00,2032-03-11T00:00:00,0.0279272
2026-03-20,2026-03-09T16:00:00,2032-04-12T00:00:00,0.0280328
2026-03-20,2026-03-09T16:00:00,2032-05-11T00:00:00,0.02813
2026-03-20,2026-03-09T16:00:00,2032-06-11T00:00:00,0.0282356
2026-03-20,2026-03-09T16:00:00,2032-07-12T00:00:00,0.0283426
2026-03-20,2026-03-09T16:00:00,2032-08-11T00:00:00,0.0284474
2026-03-20,2026-03-09T16:00:00,2032-09-13T00:00:00,0.028564
2026-03-20,2026-03-09T16:00:00,2032-10-11T00:00:00,0.0286638
2026-03-20,2026-03-09T16:00:00,2032-11-11T00:00:00,0.0287753
2026-03-20,2026-03-09T16:00:00,2032-12-13T00:00:00,0.0288912
2026-03-20,2026-03-09T16:00:00,2033-01-11T00:00:00,0.0289969
2026-03-20,2026-03-09T16:00:00,2033-02-11T00:00:00,0.0291103
2026-03-20,2026-03-09T16:00:00,2033-03-11T00:00:00,0.0292132
2026-03-20,2026-03-09T16:00:00,2033-04-11T00:00:00,0.0293273
2026-03-20,2026-03-09T16:00:00,2033-05-11T00:00:00,0.0294379
2026-03-20,2026-03-09T16:00:00,2033-06-13T00:00:00,0.0295595
2026-03-20,2026-03-09T16:00:00,2033-07-11T00:00:00,0.0296626
2026-03-20,2026-03-09T16:00:00,2033-08-11T00:00:00,0.0297766
2026-03-20,2026-03-09T16:00:00,2033-09-12T00:00:00,0.0298938
2026-03-20,2026-03-09T16:00:00,2033-10-11T00:00:00,0.0299995
2026-03-20,2026-03-09T16:00:00,2033-11-11T00:00:00,0.0301119
2026-03-20,2026-03-09T16:00:00,2033-12-12T00:00:00,0.0302236
2026-03-20,2026-03-09T16:00:00,2034-01-11T00:00:00,0.0303307
2026-03-20,2026-03-09T16:00:00,2034-02-13T00:00:00,0.0304475
2026-03-20,2026-03-09T16:00:00,2034-03-13T00:00:00,0.0305455
2026-03-20,2026-03-09T16:00:00,2034-04-11T00:00:00,0.0306458
2026-03-20,2026-03-09T16:00:00,2034-05-11T00:00:00,0.0307484
2026-03-20,2026-03-09T16:00:00,2034-06-12T00:00:00,0.0308561
2026-03-20,2026-03-09T16:00:00,2034-07-11T00:00:00,0.0309521
2026-03-20,2026-03-09T16:00:00,2034-08-11T00:00:00,0.0310531
2026-03-20,2026-03-09T16:00:00,2034-09-11T00:00:00,0.031152
2026-03-20,2026-03-09T16:00:00,2034-10-11T00:00:00,0.0312458
2026-03-20,2026-03-09T16:00:00,2034-11-13T00:00:00,0.0313469
2026-03-20,2026-03-09T16:00:00,2034-12-11T00:00:00,0.031431
2026-03-20,2026-03-09T16:00:00,2035-01-11T00:00:00,0.0315222
2026-03-20,2026-03-09T16:00:00,2035-02-12T00:00:00,0.0316144
2026-03-20,2026-03-09T16:00:00,2035-03-12T00:00:00,0.0316934
2026-03-20,2026-03-09T16:00:00,2035-04-11T00:00:00,0.0317764
2026-03-20,2026-03-09T16:00:00,2035-05-11T00:00:00,0.0318578
2026-03-20,2026-03-09T16:00:00,2035-06-11T00:00:00,0.0319401
2026-03-20,2026-03-09T16:00:00,2035-07-11T00:00:00,0.0320181
2026-03-20,2026-03-09T16:00:00,2035-08-13T00:00:00,0.0321021
2026-03-20,2026-03-09T16:00:00,2035-09-11T00:00:00,0.0321744
2026-03-20,2026-03-09T16:00:00,2035-10-11T00:00:00,0.0322476
2026-03-20,2026-03-09T16:00:00,2035-11-12T00:00:00,0.0323241
2026-03-20,2026-03-09T16:00:00,2035-12-11T00:00:00,0.032392
2026-03-20,2026-03-09T16:00:00,2036-01-11T00:00:00,0.032463
2026-03-20,2026-03-09T16:00:00,2036-02-11T00:00:00,0.0325326
2026-03-20,2026-03-09T16:00:00,2036-03-11T00:00:00,0.0325963
2026-03-23,2026-03-16T16:00:00,2026-03-18T00:00:00,0.01958
2026-03-23,2026-03-16T16:00:00,2026-04-20T00:00:00,0.0202164
2026-03-23,2026-03-16T16:00:00,2026-05-18T00:00:00,0.0207461
2026-03-23,2026-03-16T16:00:00,2026-06-18T00:00:00,0.0213105
2026-03-23,2026-03-16T16:00:00,2026-07-20T00:00:00,0.021857
2026-03-23,2026-03-16T16:00:00,2026-08-18T00:00:00,0.02231
2026-03-23,2026-03-16T16:00:00,2026-09-18T00:00:00,0.0227389
2026-03-23,2026-03-16T16:00:00,2026-10-19T00:00:00,0.0231021
2026-03-23,2026-03-16T16:00:00,2026-11-18T00:00:00,0.0233943
2026-03-23,2026-03-16T16:00:00,2026-12-18T00:00:00,0.0236337
2026-03-23,2026-03-16T16:00:00,2027-01-18T00:00:00,0.0238317
2026-03-23,2026-03-16T16:00:00,2027-02-18T00:00:00,0.0239857
2026-03-23,2026-03-16T16:00:00,2027-03-18T00:00:00,0.0240922
2026-03-23,2026-03-16T16:00:00,2027-04-19T00:00:00,0.0241821
2026-03-23,2026-03-16T16:00:00,2027-05-18T00:00:00,0.0242397
2026-03-23,2026-03-16T16:00:00,2027-06-18T00:00:00,0.0242824
2026-03-23,2026-03-16T16:00:00,2027-07-19T00:00:00,0.0243114
2026-03-23,2026-03-16T16:00:00,2027-08-18T00:00:00,0.0243325
2026-03-23,2026-03-16T16:00:00,2027-09-20T00:00:00,0.0243543
2026-03-23,2026-03-16T16:00:00,2027-10-18T00:00:00,0.0243744
2026-03-23,2026-03-16T16:00:00,2027-11-18T00:00:00,0.0243985
2026-03-23,2026-03-16T16:00:00,2027-12-20T00:00:00,0.0244256
2026-03-23,2026-03-16T16:00:00,2028-01-18T00:00:00,0.0244523
2026-03-23,2026-03-16T16:00:00,2028-02-18T00:00:00,0.0244832
2026-03-23,2026-03-16T16:00:00,2028-03-20T00:00:00,0.0245166
2026-03-23,2026-03-16T16:00:00,2028-04-18T00:00:00,0.0245504
2026-03-23,2026-03-16T16:00:00,2028-05-18T00:00:00,0.0245879
2026-03-23,2026-03-16T16:00:00,2028-06-19T00:00:00,0.0246311
2026-03-23,2026-03-16T16:00:00,2028-07-18T00:00:00,0.0246731
2026-03-23,2026-03-16T16:00:00,2028-08-18T00:00:00,0.0247213
2026-03-23,2026-03-16T16:00:00,2028-09-18T00:00:00,0.0247729
2026-03-23,2026-03-16T16:00:00,2028-10-18T00:00:00,0.0248261
2026-03-23,2026-03-16T16:00:00,2028-11-20T00:00:00,0.0248883
2026-03-23,2026-03-16T16:00:00,2028-12-18T00:00:00,0.0249439
2026-03-23,2026-03-16T16:00:00,2029-01-18T00:00:00,0.0250086
2026-03-23,2026-03-16T16:00:00,2029-02-19T00:00:00,0.0250786
2026-03-23,2026-03-16T16:00:00,2029-03-19T00:00:00,0.0251424
2026-03-23,2026-03-16T16:00:00,2029-04-18T00:00:00,0.0252133
2026-03-23,2026-03-16T16:00:00,2029-05-18T00:00:00,0.0252869
2026-03-23,2026-03-16T16:00:00,2029-06-18T00:00:00,0.0253655
2026-03-23,2026-03-16T16:00:00,2029-07-18T00:00:00,0.025444
2026-03-23,2026-03-16T16:00:00,2029-08-20T00:00:00,0.0255331
2026-03-23,2026-03-16T16:00:00,2029-09-18T00:00:00,0.0256135
2026-03-23,2026-03-16T16:00:00,2029-10-18T00:00:00,0.0256989
2026-03-23,2026-03-16T16:00:00,2029-11-19T00:00:00,0.0257921
2026-03-23,2026-03-16T16:00:00,2029-12-18T00:00:00,0.0258785
2026-03-23,2026-03-16T16:00:00,2030-01-18T00:00:00,0.0259727
2026-03-23,2026-03-16T16:00:00,2030-02-18T00:00:00,0.0260688
2026-03-23,2026-03-16T16:00:00,2030-03-18T00:00:00,0.0261571
2026-03-23,2026-03-16T16:00:00,2030-04-18T00:00:00,0.0262564
2026-03-23,2026-03-16T16:00:00,2030-05-20T00:00:00,0.0263605
2026-03-23,2026-03-16T16:00:00,2030-06-18T00:00:00,0.0264563
2026-03-23,2026-03-16T16:00:00,2030-07-18T00:00:00,0.0265566
2026-03-23,2026-03-16T16:00:00,2030-08-19T00:00:00,0.026665
2026-03-23,2026-03-16T16:00:00,2030-09-18T00:00:00,0.0267677
2026-03-23,2026-03-16T16:00:00,2030-10-18T00:00:00,0.0268715
2026-03-23,2026-03-16T16:00:00,2030-11-18T00:00:00,0.0269797
2026-03-23,2026-03-16T16:00:00,2030-12-18T00:00:00,0.0270854
2026-03-23,2026-03-16T16:00:00,2031-01-20T00:00:00,0.0272025
2026-03-23,2026-03-16T16:00:00,2031-02-18T00:00:00,0.027306
2026-03-23,2026-03-16T16:00:00,2031-03-18T00:00:00,0.0274066
2026-03-23,2026-03-16T16:00:00,2031-04-18T00:00:00,0.0275185
2026-03-23,2026-03-16T16:00:00,2031-05-19T00:00:00,0.0276308
2026-03-23,2026-03-16T16:00:00,2031-06-18T00:00:00,0.0277399
2026-03-23,2026-03-16T16:00:00,2031-07-18T00:00:00,0.0278492
2026-03-23,2026-03-16T16:00:00,2031-08-18T00:00:00,0.0279624
2026-03-23,2026-03-16T16:00:00,2031-09-18T00:00:00,0.0280757
2026-03-23,2026-03-16T16:00:00,2031-10-20T00:00:00,0.0281926
2026-03-23,2026-03-16T16:00:00,2031-11-18T00:00:00,0.0282986
2026-03-23,2026-03-16T16:00:00,2031-12-18T00:00:00,0.028408
2026-03-23,2026-03-16T16:00:00,2032-01-19T00:00:00,0.0285244
2026-03-23,2026-03-16T16:00:00,2032-02-18T00:00:00,0.0286332
2026-03-23,2026-03-16T16:00:00,2032-03-18T00:00:00,0.028738
2026-03-23,2026-03-16T16:00:00,2032-04-19T00:00:00,0.0288531
2026-03-23,2026-03-16T16:00:00,2032-05-18T00:00:00,0.028957
2026-03-23,2026-03-16T16:00:00,2032-06-18T00:00:00,0.0290676
2026-03-23,2026-03-16T16:00:00,2032-07-19T00:00:00,0.0291776
2026-03-23,2026-03-16T16:00:00,2032-08-18T00:00:00,0.0292837
2026-03-23,2026-03-16T16:00:00,2032-09-20T00:00:00,0.0293998
2026-03-23,2026-03-16T16:00:00,2032-10-18T00:00:00,0.0294979
2026-03-23,2026-03-16T16:00:00,2032-11-18T00:00:00,0.029606
2026-03-23,2026-03-16T16:00:00,2032-12-20T00:00:00,0.029717
2026-03-23,2026-03-16T16:00:00,2033-01-18T00:00:00,0.0298172
2026-03-23,2026-03-16T16:00:00,2033-02-18T00:00:00,0.0299238
2026-03-23,2026-03-16T16:00:00,2033-03-18T00:00:00,0.0300196
2026-03-23,2026-03-16T16:00:00,2033-04-19T00:00:00,0.0301286
2026-03-23,2026-03-16T16:00:00,2033-05-18T00:00:00,0.0302269
2026-03-23,2026-03-16T16:00:00,2033-06-20T00:00:00,0.0303382
2026-03-23,2026-03-16T16:00:00,2033-07-18T00:00:00,0.0304321
2026-03-23,2026-03-16T16:00:00,2033-08-18T00:00:00,0.0305357
2026-03-23,2026-03-16T16:00:00,2033-09-19T00:00:00,0.030642
2026-03-23,2026-03-16T16:00:00,2033-10-18T00:00:00,0.0307378
2026-03-23,2026-03-16T16:00:00,2033-11-18T00:00:00,0.0308398
2026-03-23,2026-03-16T16:00:00,2033-12-19T00:00:00,0.0309412
2026-03-23,2026-03-16T16:00:00,2034-01-18T00:00:00,0.0310389
2026-03-23,2026-03-16T16:00:00,2034-02-20T00:00:00,0.0311457
2026-03-23,2026-03-16T16:00:00,2034-03-20T00:00:00,0.0312358
2026-03-23,2026-03-16T16:00:00,2034-04-18T00:00:00,0.0313287
2026-03-23,2026-03-16T16:00:00,2034-05-18T00:00:00,0.0314243
2026-03-23,2026-03-16T16:00:00,2034-06-19T00:00:00,0.0315257
2026-03-23,2026-03-16T16:00:00,2034-07-18T00:00:00,0.0316171
2026-03-23,2026-03-16T16:00:00,2034-08-18T00:00:00,0.0317142
2026-03-23,2026-03-16T16:00:00,2034-09-18T00:00:00,0.0318108
2026-03-23,2026-03-16T16:00:00,2034-10-18T00:00:00,0.0319038
2026-03-23,2026-03-16T16:00:00,2034-11-20T00:00:00,0.0320053
2026-03-23,2026-03-16T16:00:00,2034-12-18T00:00:00,0.0320908
2026-03-23,2026-03-16T16:00:00,2035-01-18T00:00:00,0.0321849
2026-03-23,2026-03-16T16:00:00,2035-02-19T00:00:00,0.0322811
2026-03-23,2026-03-16T16:00:00,2035-03-19T00:00:00,0.0323647
2026-03-23,2026-03-16T16:00:00,2035-04-18T00:00:00,0.0324534
2026-03-23,2026-03-16T16:00:00,2035-05-18T00:00:00,0.0325413
2026-03-23,2026-03-16T16:00:00,2035-06-18T00:00:00,0.0326311
2026-03-23,2026-03-16T16:00:00,2035-07-18T00:00:00,0.0327172
2026-03-23,2026-03-16T16:00:00,2035-08-20T00:00:00,0.0328107
2026-03-23,2026-03-16T16:00:00,2035-09-18T00:00:00,0.0328918
2026-03-23,2026-03-16T16:00:00,2035-10-18T00:00:00,0.0329748
2026-03-23,2026-03-16T16:00:00,2035-11-19T00:00:00,0.033062
2026-03-23,2026-03-16T16:00:00,2035-12-18T00:00:00,0.03314
2026-03-23,2026-03-16T16:00:00,2036-01-18T00:00:00,0.0332221
2026-03-23,2026-03-16T16:00:00,2036-02-18T00:00:00,0.0333028
2026-03-23,2026-03-16T16:00:00,2036-03-18T00:00:00,0.0333772
2026-03-24,2026-03-16T16:00:00,2026-03-18T00:00:00,0.01958
2026-03-24,2026-03-16T16:00:00,2026-04-20T00:00:00,0.0202164
2026-03-24,2026-03-16T16:00:00,2026-05-18T00:00:00,0.0207461
2026-03-24,2026-03-16T16:00:00,2026-06-18T00:00:00,0.0213105
2026-03-24,2026-03-16T16:00:00,2026-07-20T00:00:00,0.021857
2026-03-24,2026-03-16T16:00:00,2026-08-18T00:00:00,0.02231
2026-03-24,2026-03-16T16:00:00,2026-09-18T00:00:00,0.0227389
2026-03-24,2026-03-16T16:00:00,2026-10-19T00:00:00,0.0231021
2026-03-24,2026-03-16T16:00:00,2026-11-18T00:00:00,0.0233943
2026-03-24,2026-03-16T16:00:00,2026-12-18T00:00:00,0.0236337
2026-03-24,2026-03-16T16:00:00,2027-01-18T00:00:00,0.0238317
2026-03-24,2026-03-16T16:00:00,2027-02-18T00:00:00,0.0239857
2026-03-24,2026-03-16T16:00:00,2027-03-18T00:00:00,0.0240922
2026-03-24,2026-03-16T16:00:00,2027-04-19T00:00:00,0.0241821
2026-03-24,2026-03-16T16:00:00,2027-05-18T00:00:00,0.0242397
2026-03-24,2026-03-16T16:00:00,2027-06-18T00:00:00,0.0242824
2026-03-24,2026-03-16T16:00:00,2027-07-19T00:00:00,0.0243114
2026-03-24,2026-03-16T16:00:00,2027-08-18T00:00:00,0.0243325
2026-03-24,2026-03-16T16:00:00,2027-09-20T00:00:00,0.0243543
2026-03-24,2026-03-16T16:00:00,2027-10-18T00:00:00,0.0243744
2026-03-24,2026-03-16T16:00:00,2027-11-18T00:00:00,0.0243985
2026-03-24,2026-03-16T16:00:00,2027-12-20T00:00:00,0.0244256
2026-03-24,2026-03-16T16:00:00,2028-01-18T00:00:00,0.0244523
2026-03-24,2026-03-16T16:00:00,2028-02-18T00:00:00,0.0244832
2026-03-24,2026-03-16T16:00:00,2028-03-20T00:00:00,0.0245166
2026-03-24,2026-03-16T16:00:00,2028-04-18T00:00:00,0.0245504
2026-03-24,2026-03-16T16:00:00,2028-05-18T00:00:00,0.0245879
2026-03-24,2026-03-16T16:00:00,2028-06-19T00:00:00,0.0246311
2026-03-24,2026-03-16T16:00:00,2028-07-18T00:00:00,0.0246731
2026-03-24,2026-03-16T16:00:00,2028-08-18T00:00:00,0.0247213
2026-03-24,2026-03-16T16:00:00,2028-09-18T00:00:00,0.0247729
2026-03-24,2026-03-16T16:00:00,2028-10-18T00:00:00,0.0248261
2026-03-24,2026-03-16T16:00:00,2028-11-20T00:00:00,0.0248883
2026-03-24,2026-03-16T16:00:00,2028-12-18T00:00:00,0.0249439
2026-03-24,2026-03-16T16:00:00,2029-01-18T00:00:00,0.0250086
2026-03-24,2026-03-16T16:00:00,2029-02-19T00:00:00,0.0250786
2026-03-24,2026-03-16T16:00:00,2029-03-19T00:00:00,0.0251424
2026-03-24,2026-03-16T16:00:00,2029-04-18T00:00:00,0.0252133
2026-03-24,2026-03-16T16:00:00,2029-05-18T00:00:00,0.0252869
2026-03-24,2026-03-16T16:00:00,2029-06-18T00:00:00,0.0253655
2026-03-24,2026-03-16T16:00:00,2029-07-18T00:00:00,0.025444
2026-03-24,2026-03-16T16:00:00,2029-08-20T00:00:00,0.0255331
2026-03-24,2026-03-16T16:00:00,2029-09-18T00:00:00,0.0256135
2026-03-24,2026-03-16T16:00:00,2029-10-18T00:00:00,0.0256989
2026-03-24,2026-03-16T16:00:00,2029-11-19T00:00:00,0.0257921
2026-03-24,2026-03-16T16:00:00,2029-12-18T00:00:00,0.0258785
2026-03-24,2026-03-16T16:00:00,2030-01-18T00:00:00,0.0259727
2026-03-24,2026-03-16T16:00:00,2030-02-18T00:00:00,0.0260688
2026-03-24,2026-03-16T16:00:00,2030-03-18T00:00:00,0.0261571
2026-03-24,2026-03-16T16:00:00,2030-04-18T00:00:00,0.0262564
2026-03-24,2026-03-16T16:00:00,2030-05-20T00:00:00,0.0263605
2026-03-24,2026-03-16T16:00:00,2030-06-18T00:00:00,0.0264563
2026-03-24,2026-03-16T16:00:00,2030-07-18T00:00:00,0.0265566
2026-03-24,2026-03-16T16:00:00,2030-08-19T00:00:00,0.026665
2026-03-24,2026-03-16T16:00:00,2030-09-18T00:00:00,0.0267677
2026-03-24,2026-03-16T16:00:00,2030-10-18T00:00:00,0.0268715
2026-03-24,2026-03-16T16:00:00,2030-11-18T00:00:00,0.0269797
2026-03-24,2026-03-16T16:00:00,2030-12-18T00:00:00,0.0270854
2026-03-24,2026-03-16T16:00:00,2031-01-20T00:00:00,0.0272025
2026-03-24,2026-03-16T16:00:00,2031-02-18T00:00:00,0.027306
2026-03-24,2026-03-16T16:00:00,2031-03-18T00:00:00,0.0274066
2026-03-24,2026-03-16T16:00:00,2031-04-18T00:00:00,0.0275185
2026-03-24,2026-03-16T16:00:00,2031-05-19T00:00:00,0.0276308
2026-03-24,2026-03-16T16:00:00,2031-06-18T00:00:00,0.0277399
2026-03-24,2026-03-16T16:00:00,2031-07-18T00:00:00,0.0278492
2026-03-24,2026-03-16T16:00:00,2031-08-18T00:00:00,0.0279624
2026-03-24,2026-03-16T16:00:00,2031-09-18T00:00:00,0.0280757
2026-03-24,2026-03-16T16:00:00,2031-10-20T00:00:00,0.0281926
2026-03-24,2026-03-16T16:00:00,2031-11-18T00:00:00,0.0282986
2026-03-24,2026-03-16T16:00:00,2031-12-18T00:00:00,0.028408
2026-03-24,2026-03-16T16:00:00,2032-01-19T00:00:00,0.0285244
2026-03-24,2026-03-16T16:00:00,2032-02-18T00:00:00,0.0286332
2026-03-24,2026-03-16T16:00:00,2032-03-18T00:00:00,0.028738
2026-03-24,2026-03-16T16:00:00,2032-04-19T00:00:00,0.0288531
2026-03-24,2026-03-16T16:00:00,2032-05-18T00:00:00,0.028957
2026-03-24,2026-03-16T16:00:00,2032-06-18T00:00:00,0.0290676
2026-03-24,2026-03-16T16:00:00,2032-07-19T00:00:00,0.0291776
2026-03-24,2026-03-16T16:00:00,2032-08-18T00:00:00,0.0292837
2026-03-24,2026-03-16T16:00:00,2032-09-20T00:00:00,0.0293998
2026-03-24,2026-03-16T16:00:00,2032-10-18T00:00:00,0.0294979
2026-03-24,2026-03-16T16:00:00,2032-11-18T00:00:00,0.029606
2026-03-24,2026-03-16T16:00:00,2032-12-20T00:00:00,0.029717
2026-03-24,2026-03-16T16:00:00,2033-01-18T00:00:00,0.0298172
2026-03-24,2026-03-16T16:00:00,2033-02-18T00:00:00,0.0299238
2026-03-24,2026-03-16T16:00:00,2033-03-18T00:00:00,0.0300196
2026-03-24,2026-03-16T16:00:00,2033-04-19T00:00:00,0.0301286
2026-03-24,2026-03-16T16:00:00,2033-05-18T00:00:00,0.0302269
2026-03-24,2026-03-16T16:00:00,2033-06-20T00:00:00,0.0303382
2026-03-24,2026-03-16T16:00:00,2033-07-18T00:00:00,0.0304321
2026-03-24,2026-03-16T16:00:00,2033-08-18T00:00:00,0.0305357
2026-03-24,2026-03-16T16:00:00,2033-09-19T00:00:00,0.030642
2026-03-24,2026-03-16T16:00:00,2033-10-18T00:00:00,0.0307378
2026-03-24,2026-03-16T16:00:00,2033-11-18T00:00:00,0.0308398
2026-03-24,2026-03-16T16:00:00,2033-12-19T00:00:00,0.0309412
2026-03-24,2026-03-16T16:00:00,2034-01-18T00:00:00,0.0310389
2026-03-24,2026-03-16T16:00:00,2034-02-20T00:00:00,0.0311457
2026-03-24,2026-03-16T16:00:00,2034-03-20T00:00:00,0.0312358
2026-03-24,2026-03-16T16:00:00,2034-04-18T00:00:00,0.0313287
2026-03-24,2026-03-16T16:00:00,2034-05-18T00:00:00,0.0314243
2026-03-24,2026-03-16T16:00:00,2034-06-19T00:00:00,0.0315257
2026-03-24,2026-03-16T16:00:00,2034-07-18T00:00:00,0.0316171
2026-03-24,2026-03-16T16:00:00,2034-08-18T00:00:00,0.0317142
2026-03-24,2026-03-16T16:00:00,2034-09-18T00:00:00,0.0318108
2026-03-24,2026-03-16T16:00:00,2034-10-18T00:00:00,0.0319038
2026-03-24,2026-03-16T16:00:00,2034-11-20T00:00:00,0.0320053
2026-03-24,2026-03-16T16:00:00,2034-12-18T00:00:00,0.0320908
2026-03-24,2026-03-16T16:00:00,2035-01-18T00:00:00,0.0321849
2026-03-24,2026-03-16T16:00:00,2035-02-19T00:00:00,0.0322811
2026-03-24,2026-03-16T16:00:00,2035-03-19T00:00:00,0.0323647
2026-03-24,2026-03-16T16:00:00,2035-04-18T00:00:00,0.0324534
2026-03-24,2026-03-16T16:00:00,2035-05-18T00:00:00,0.0325413
2026-03-24,2026-03-16T16:00:00,2035-06-18T00:00:00,0.0326311
2026-03-24,2026-03-16T16:00:00,2035-07-18T00:00:00,0.0327172
2026-03-24,2026-03-16T16:00:00,2035-08-20T00:00:00,0.0328107
2026-03-24,2026-03-16T16:00:00,2035-09-18T00:00:00,0.0328918
2026-03-24,2026-03-16T16:00:00,2035-10-18T00:00:00,0.0329748
2026-03-24,2026-03-16T16:00:00,2035-11-19T00:00:00,0.033062
2026-03-24,2026-03-16T16:00:00,2035-12-18T00:00:00,0.03314
2026-03-24,2026-03-16T16:00:00,2036-01-18T00:00:00,0.0332221
2026-03-24,2026-03-16T16:00:00,2036-02-18T00:00:00,0.0333028
2026-03-24,2026-03-16T16:00:00,2036-03-18T00:00:00,0.0333772
2026-03-25,2026-03-16T16:00:00,2026-03-18T00:00:00,0.01958
2026-03-25,2026-03-16T16:00:00,2026-04-20T00:00:00,0.0202164
2026-03-25,2026-03-16T16:00:00,2026-05-18T00:00:00,0.0207461
2026-03-25,2026-03-16T16:00:00,2026-06-18T00:00:00,0.0213105
2026-03-25,2026-03-16T16:00:00,2026-07-20T00:00:00,0.021857
2026-03-25,2026-03-16T16:00:00,2026-08-18T00:00:00,0.02231
2026-03-25,2026-03-16T16:00:00,2026-09-18T00:00:00,0.0227389
2026-03-25,2026-03-16T16:00:00,2026-10-19T00:00:00,0.0231021
2026-03-25,2026-03-16T16:00:00,2026-11-18T00:00:00,0.0233943
2026-03-25,2026-03-16T16:00:00,2026-12-18T00:00:00,0.0236337
2026-03-25,2026-03-16T16:00:00,2027-01-18T00:00:00,0.0238317
2026-03-25,2026-03-16T16:00:00,2027-02-18T00:00:00,0.0239857
2026-03-25,2026-03-16T16:00:00,2027-03-18T00:00:00,0.0240922
2026-03-25,2026-03-16T16:00:00,2027-04-19T00:00:00,0.0241821
2026-03-25,2026-03-16T16:00:00,2027-05-18T00:00:00,0.0242397
2026-03-25,2026-03-16T16:00:00,2027-06-18T00:00:00,0.0242824
2026-03-25,2026-03-16T16:00:00,2027-07-19T00:00:00,0.0243114
2026-03-25,2026-03-16T16:00:00,2027-08-18T00:00:00,0.0243325
2026-03-25,2026-03-16T16:00:00,2027-09-20T00:00:00,0.0243543
2026-03-25,2026-03-16T16:00:00,2027-10-18T00:00:00,0.0243744
2026-03-25,2026-03-16T16:00:00,2027-11-18T00:00:00,0.0243985
2026-03-25,2026-03-16T16:00:00,2027-12-20T00:00:00,0.0244256
2026-03-25,2026-03-16T16:00:00,2028-01-18T00:00:00,0.0244523
2026-03-25,2026-03-16T16:00:00,2028-02-18T00:00:00,0.0244832
2026-03-25,2026-03-16T16:00:00,2028-03-20T00:00:00,0.0245166
2026-03-25,2026-03-16T16:00:00,2028-04-18T00:00:00,0.0245504
2026-03-25,2026-03-16T16:00:00,2028-05-18T00:00:00,0.0245879
2026-03-25,2026-03-16T16:00:00,2028-06-19T00:00:00,0.0246311
2026-03-25,2026-03-16T16:00:00,2028-07-18T00:00:00,0.0246731
2026-03-25,2026-03-16T16:00:00,2028-08-18T00:00:00,0.0247213
2026-03-25,2026-03-16T16:00:00,2028-09-18T00:00:00,0.0247729
2026-03-25,2026-03-16T16:00:00,2028-10-18T00:00:00,0.0248261
2026-03-25,2026-03-16T16:00:00,2028-11-20T00:00:00,0.0248883
2026-03-25,2026-03-16T16:00:00,2028-12-18T00:00:00,0.0249439
2026-03-25,2026-03-16T16:00:00,2029-01-18T00:00:00,0.0250086
2026-03-25,2026-03-16T16:00:00,2029-02-19T00:00:00,0.0250786
2026-03-25,2026-03-16T16:00:00,2029-03-19T00:00:00,0.0251424
2026-03-25,2026-03-16T16:00:00,2029-04-18T00:00:00,0.0252133
2026-03-25,2026-03-16T16:00:00,2029-05-18T00:00:00,0.0252869
2026-03-25,2026-03-16T16:00:00,2029-06-18T00:00:00,0.0253655
2026-03-25,2026-03-16T16:00:00,2029-07-18T00:00:00,0.025444
2026-03-25,2026-03-16T16:00:00,2029-08-20T00:00:00,0.0255331
2026-03-25,2026-03-16T16:00:00,2029-09-18T00:00:00,0.0256135
2026-03-25,2026-03-16T16:00:00,2029-10-18T00:00:00,0.0256989
2026-03-25,2026-03-16T16:00:00,2029-11-19T00:00:00,0.0257921
2026-03-25,2026-03-16T16:00:00,2029-12-18T00:00:00,0.0258785
2026-03-25,2026-03-16T16:00:00,2030-01-18T00:00:00,0.0259727
2026-03-25,2026-03-16T16:00:00,2030-02-18T00:00:00,0.0260688
2026-03-25,2026-03-16T16:00:00,2030-03-18T00:00:00,0.0261571
2026-03-25,2026-03-16T16:00:00,2030-04-18T00:00:00,0.0262564
2026-03-25,2026-03-16T16:00:00,2030-05-20T00:00:00,0.0263605
2026-03-25,2026-03-16T16:00:00,2030-06-18T00:00:00,0.0264563
2026-03-25,2026-03-16T16:00:00,2030-07-18T00:00:00,0.0265566
2026-03-25,2026-03-16T16:00:00,2030-08-19T00:00:00,0.026665
2026-03-25,2026-03-16T16:00:00,2030-09-18T00:00:00,0.0267677
2026-03-25,2026-03-16T16:00:00,2030-10-18T00:00:00,0.0268715
2026-03-25,2026-03-16T16:00:00,2030-11-18T00:00:00,0.0269797
2026-03-25,2026-03-16T16:00:00,2030-12-18T00:00:00,0.0270854
2026-03-25,2026-03-16T16:00:00,2031-01-20T00:00:00,0.0272025
2026-03-25,2026-03-16T16:00:00,2031-02-18T00:00:00,0.027306
2026-03-25,2026-03-16T16:00:00,2031-03-18T00:00:00,0.0274066
2026-03-25,2026-03-16T16:00:00,2031-04-18T00:00:00,0.0275185
2026-03-25,2026-03-16T16:00:00,2031-05-19T00:00:00,0.0276308
2026-03-25,2026-03-16T16:00:00,2031-06-18T00:00:00,0.0277399
2026-03-25,2026-03-16T16:00:00,2031-07-18T00:00:00,0.0278492
2026-03-25,2026-03-16T16:00:00,2031-08-18T00:00:00,0.0279624
2026-03-25,2026-03-16T16:00:00,2031-09-18T00:00:00,0.0280757
2026-03-25,2026-03-16T16:00:00,2031-10-20T00:00:00,0.0281926
2026-03-25,2026-03-16T16:00:00,2031-11-18T00:00:00,0.0282986
2026-03-25,2026-03-16T16:00:00,2031-12-18T00:00:00,0.028408
2026-03-25,2026-03-16T16:00:00,2032-01-19T00:00:00,0.0285244
2026-03-25,2026-03-16T16:00:00,2032-02-18T00:00:00,0.0286332
2026-03-25,2026-03-16T16:00:00,2032-03-18T00:00:00,0.028738
2026-03-25,2026-03-16T16:00:00,2032-04-19T00:00:00,0.0288531
2026-03-25,2026-03-16T16:00:00,2032-05-18T00:00:00,0.028957
2026-03-25,2026-03-16T16:00:00,2032-06-18T00:00:00,0.0290676
2026-03-25,2026-03-16T16:00:00,2032-07-19T00:00:00,0.0291776
2026-03-25,2026-03-16T16:00:00,2032-08-18T00:00:00,0.0292837
2026-03-25,2026-03-16T16:00:00,2032-09-20T00:00:00,0.0293998
2026-03-25,2026-03-16T16:00:00,2032-10-18T00:00:00,0.0294979
2026-03-25,2026-03-16T16:00:00,2032-11-18T00:00:00,0.029606
2026-03-25,2026-03-16T16:00:00,2032-12-20T00:00:00,0.029717
2026-03-25,2026-03-16T16:00:00,2033-01-18T00:00:00,0.0298172
2026-03-25,2026-03-16T16:00:00,2033-02-18T00:00:00,0.0299238
2026-03-25,2026-03-16T16:00:00,2033-03-18T00:00:00,0.0300196
2026-03-25,2026-03-16T16:00:00,2033-04-19T00:00:00,0.0301286
2026-03-25,2026-03-16T16:00:00,2033-05-18T00:00:00,0.0302269
2026-03-25,2026-03-16T16:00:00,2033-06-20T00:00:00,0.0303382
2026-03-25,2026-03-16T16:00:00,2033-07-18T00:00:00,0.0304321
2026-03-25,2026-03-16T16:00:00,2033-08-18T00:00:00,0.0305357
2026-03-25,2026-03-16T16:00:00,2033-09-19T00:00:00,0.030642
2026-03-25,2026-03-16T16:00:00,2033-10-18T00:00:00,0.0307378
2026-03-25,2026-03-16T16:00:00,2033-11-18T00:00:00,0.0308398
2026-03-25,2026-03-16T16:00:00,2033-12-19T00:00:00,0.0309412
2026-03-25,2026-03-16T16:00:00,2034-01-18T00:00:00,0.0310389
2026-03-25,2026-03-16T16:00:00,2034-02-20T00:00:00,0.0311457
2026-03-25,2026-03-16T16:00:00,2034-03-20T00:00:00,0.0312358
2026-03-25,2026-03-16T16:00:00,2034-04-18T00:00:00,0.0313287
2026-03-25,2026-03-16T16:00:00,2034-05-18T00:00:00,0.0314243
2026-03-25,2026-03-16T16:00:00,2034-06-19T00:00:00,0.0315257
2026-03-25,2026-03-16T16:00:00,2034-07-18T00:00:00,0.0316171
2026-03-25,2026-03-16T16:00:00,2034-08-18T00:00:00,0.0317142
2026-03-25,2026-03-16T16:00:00,2034-09-18T00:00:00,0.0318108
2026-03-25,2026-03-16T16:00:00,2034-10-18T00:00:00,0.0319038
2026-03-25,2026-03-16T16:00:00,2034-11-20T00:00:00,0.0320053
2026-03-25,2026-03-16T16:00:00,2034-12-18T00:00:00,0.0320908
2026-03-25,2026-03-16T16:00:00,2035-01-18T00:00:00,0.0321849
2026-03-25,2026-03-16T16:00:00,2035-02-19T00:00:00,0.0322811
2026-03-25,2026-03-16T16:00:00,2035-03-19T00:00:00,0.0323647
2026-03-25,2026-03-16T16:00:00,2035-04-18T00:00:00,0.0324534
2026-03-25,2026-03-16T16:00:00,2035-05-18T00:00:00,0.0325413
2026-03-25,2026-03-16T16:00:00,2035-06-18T00:00:00,0.0326311
2026-03-25,2026-03-16T16:00:00,2035-07-18T00:00:00,0.0327172
2026-03-25,2026-03-16T16:00:00,2035-08-20T00:00:00,0.0328107
2026-03-25,2026-03-16T16:00:00,2035-09-18T00:00:00,0.0328918
2026-03-25,2026-03-16T16:00:00,2035-10-18T00:00:00,0.0329748
2026-03-25,2026-03-16T16:00:00,2035-11-19T00:00:00,0.033062
2026-03-25,2026-03-16T16:00:00,2035-12-18T00:00:00,0.03314
2026-03-25,2026-03-16T16:00:00,2036-01-18T00:00:00,0.0332221
2026-03-25,2026-03-16T16:00:00,2036-02-18T00:00:00,0.0333028
2026-03-25,2026-03-16T16:00:00,2036-03-18T00:00:00,0.0333772
2026-03-26,2026-03-16T16:00:00,2026-03-18T00:00:00,0.01958
2026-03-26,2026-03-16T16:00:00,2026-04-20T00:00:00,0.0202164
2026-03-26,2026-03-16T16:00:00,2026-05-18T00:00:00,0.0207461
2026-03-26,2026-03-16T16:00:00,2026-06-18T00:00:00,0.0213105
2026-03-26,2026-03-16T16:00:00,2026-07-20T00:00:00,0.021857
2026-03-26,2026-03-16T16:00:00,2026-08-18T00:00:00,0.02231
2026-03-26,2026-03-16T16:00:00,2026-09-18T00:00:00,0.0227389
2026-03-26,2026-03-16T16:00:00,2026-10-19T00:00:00,0.0231021
2026-03-26,2026-03-16T16:00:00,2026-11-18T00:00:00,0.0233943
2026-03-26,2026-03-16T16:00:00,2026-12-18T00:00:00,0.0236337
2026-03-26,2026-03-16T16:00:00,2027-01-18T00:00:00,0.0238317
2026-03-26,2026-03-16T16:00:00,2027-02-18T00:00:00,0.0239857
2026-03-26,2026-03-16T16:00:00,2027-03-18T00:00:00,0.0240922
2026-03-26,2026-03-16T16:00:00,2027-04-19T00:00:00,0.0241821
2026-03-26,2026-03-16T16:00:00,2027-05-18T00:00:00,0.0242397
2026-03-26,2026-03-16T16:00:00,2027-06-18T00:00:00,0.0242824
2026-03-26,2026-03-16T16:00:00,2027-07-19T00:00:00,0.0243114
2026-03-26,2026-03-16T16:00:00,2027-08-18T00:00:00,0.0243325
2026-03-26,2026-03-16T16:00:00,2027-09-20T00:00:00,0.0243543
2026-03-26,2026-03-16T16:00:00,2027-10-18T00:00:00,0.0243744
2026-03-26,2026-03-16T16:00:00,2027-11-18T00:00:00,0.0243985
2026-03-26,2026-03-16T16:00:00,2027-12-20T00:00:00,0.0244256
2026-03-26,2026-03-16T16:00:00,2028-01-18T00:00:00,0.0244523
2026-03-26,2026-03-16T16:00:00,2028-02-18T00:00:00,0.0244832
2026-03-26,2026-03-16T16:00:00,2028-03-20T00:00:00,0.0245166
2026-03-26,2026-03-16T16:00:00,2028-04-18T00:00:00,0.0245504
2026-03-26,2026-03-16T16:00:00,2028-05-18T00:00:00,0.0245879
2026-03-26,2026-03-16T16:00:00,2028-06-19T00:00:00,0.0246311
2026-03-26,2026-03-16T16:00:00,2028-07-18T00:00:00,0.0246731
2026-03-26,2026-03-16T16:00:00,2028-08-18T00:00:00,0.0247213
2026-03-26,2026-03-16T16:00:00,2028-09-18T00:00:00,0.0247729
2026-03-26,2026-03-16T16:00:00,2028-10-18T00:00:00,0.0248261
2026-03-26,2026-03-16T16:00:00,2028-11-20T00:00:00,0.0248883
2026-03-26,2026-03-16T16:00:00,2028-12-18T00:00:00,0.0249439
2026-03-26,2026-03-16T16:00:00,2029-01-18T00:00:00,0.0250086
2026-03-26,2026-03-16T16:00:00,2029-02-19T00:00:00,0.0250786
2026-03-26,2026-03-16T16:00:00,2029-03-19T00:00:00,0.0251424
2026-03-26,2026-03-16T16:00:00,2029-04-18T00:00:00,0.0252133
2026-03-26,2026-03-16T16:00:00,2029-05-18T00:00:00,0.0252869
2026-03-26,2026-03-16T16:00:00,2029-06-18T00:00:00,0.0253655
2026-03-26,2026-03-16T16:00:00,2029-07-18T00:00:00,0.025444
2026-03-26,2026-03-16T16:00:00,2029-08-20T00:00:00,0.0255331
2026-03-26,2026-03-16T16:00:00,2029-09-18T00:00:00,0.0256135
2026-03-26,2026-03-16T16:00:00,2029-10-18T00:00:00,0.0256989
2026-03-26,2026-03-16T16:00:00,2029-11-19T00:00:00,0.0257921
2026-03-26,2026-03-16T16:00:00,2029-12-18T00:00:00,0.0258785
2026-03-26,2026-03-16T16:00:00,2030-01-18T00:00:00,0.0259727
2026-03-26,2026-03-16T16:00:00,2030-02-18T00:00:00,0.0260688
2026-03-26,2026-03-16T16:00:00,2030-03-18T00:00:00,0.0261571
2026-03-26,2026-03-16T16:00:00,2030-04-18T00:00:00,0.0262564
2026-03-26,2026-03-16T16:00:00,2030-05-20T00:00:00,0.0263605
2026-03-26,2026-03-16T16:00:00,2030-06-18T00:00:00,0.0264563
2026-03-26,2026-03-16T16:00:00,2030-07-18T00:00:00,0.0265566
2026-03-26,2026-03-16T16:00:00,2030-08-19T00:00:00,0.026665
2026-03-26,2026-03-16T16:00:00,2030-09-18T00:00:00,0.0267677
2026-03-26,2026-03-16T16:00:00,2030-10-18T00:00:00,0.0268715
2026-03-26,2026-03-16T16:00:00,2030-11-18T00:00:00,0.0269797
2026-03-26,2026-03-16T16:00:00,2030-12-18T00:00:00,0.0270854
2026-03-26,2026-03-16T16:00:00,2031-01-20T00:00:00,0.0272025
2026-03-26,2026-03-16T16:00:00,2031-02-18T00:00:00,0.027306
2026-03-26,2026-03-16T16:00:00,2031-03-18T00:00:00,0.0274066
2026-03-26,2026-03-16T16:00:00,2031-04-18T00:00:00,0.0275185
2026-03-26,2026-03-16T16:00:00,2031-05-19T00:00:00,0.0276308
2026-03-26,2026-03-16T16:00:00,2031-06-18T00:00:00,0.0277399
2026-03-26,2026-03-16T16:00:00,2031-07-18T00:00:00,0.0278492
2026-03-26,2026-03-16T16:00:00,2031-08-18T00:00:00,0.0279624
2026-03-26,2026-03-16T16:00:00,2031-09-18T00:00:00,0.0280757
2026-03-26,2026-03-16T16:00:00,2031-10-20T00:00:00,0.0281926
2026-03-26,2026-03-16T16:00:00,2031-11-18T00:00:00,0.0282986
2026-03-26,2026-03-16T16:00:00,2031-12-18T00:00:00,0.028408
2026-03-26,2026-03-16T16:00:00,2032-01-19T00:00:00,0.0285244
2026-03-26,2026-03-16T16:00:00,2032-02-18T00:00:00,0.0286332
2026-03-26,2026-03-16T16:00:00,2032-03-18T00:00:00,0.028738
2026-03-26,2026-03-16T16:00:00,2032-04-19T00:00:00,0.0288531
2026-03-26,2026-03-16T16:00:00,2032-05-18T00:00:00,0.028957
2026-03-26,2026-03-16T16:00:00,2032-06-18T00:00:00,0.0290676
2026-03-26,2026-03-16T16:00:00,2032-07-19T00:00:00,0.0291776
2026-03-26,2026-03-16T16:00:00,2032-08-18T00:00:00,0.0292837
2026-03-26,2026-03-16T16:00:00,2032-09-20T00:00:00,0.0293998
2026-03-26,2026-03-16T16:00:00,2032-10-18T00:00:00,0.0294979
2026-03-26,2026-03-16T16:00:00,2032-11-18T00:00:00,0.029606
2026-03-26,2026-03-16T16:00:00,2032-12-20T00:00:00,0.029717
2026-03-26,2026-03-16T16:00:00,2033-01-18T00:00:00,0.0298172
2026-03-26,2026-03-16T16:00:00,2033-02-18T00:00:00,0.0299238
2026-03-26,2026-03-16T16:00:00,2033-03-18T00:00:00,0.0300196
2026-03-26,2026-03-16T16:00:00,2033-04-19T00:00:00,0.0301286
2026-03-26,2026-03-16T16:00:00,2033-05-18T00:00:00,0.0302269
2026-03-26,2026-03-16T16:00:00,2033-06-20T00:00:00,0.0303382
2026-03-26,2026-03-16T16:00:00,2033-07-18T00:00:00,0.0304321
2026-03-26,2026-03-16T16:00:00,2033-08-18T00:00:00,0.0305357
2026-03-26,2026-03-16T16:00:00,2033-09-19T00:00:00,0.030642
2026-03-26,2026-03-16T16:00:00,2033-10-18T00:00:00,0.0307378
2026-03-26,2026-03-16T16:00:00,2033-11-18T00:00:00,0.0308398
2026-03-26,2026-03-16T16:00:00,2033-12-19T00:00:00,0.0309412
2026-03-26,2026-03-16T16:00:00,2034-01-18T00:00:00,0.0310389
2026-03-26,2026-03-16T16:00:00,2034-02-20T00:00:00,0.0311457
2026-03-26,2026-03-16T16:00:00,2034-03-20T00:00:00,0.0312358
2026-03-26,2026-03-16T16:00:00,2034-04-18T00:00:00,0.0313287
2026-03-26,2026-03-16T16:00:00,2034-05-18T00:00:00,0.0314243
2026-03-26,2026-03-16T16:00:00,2034-06-19T00:00:00,0.0315257
2026-03-26,2026-03-16T16:00:00,2034-07-18T00:00:00,0.0316171
2026-03-26,2026-03-16T16:00:00,2034-08-18T00:00:00,0.0317142
2026-03-26,2026-03-16T16:00:00,2034-09-18T00:00:00,0.0318108
2026-03-26,2026-03-16T16:00:00,2034-10-18T00:00:00,0.0319038
2026-03-26,2026-03-16T16:00:00,2034-11-20T00:00:00,0.0320053
2026-03-26,2026-03-16T16:00:00,2034-12-18T00:00:00,0.0320908
2026-03-26,2026-03-16T16:00:00,2035-01-18T00:00:00,0.0321849
2026-03-26,2026-03-16T16:00:00,2035-02-19T00:00:00,0.0322811
2026-03-26,2026-03-16T16:00:00,2035-03-19T00:00:00,0.0323647
2026-03-26,2026-03-16T16:00:00,2035-04-18T00:00:00,0.0324534
2026-03-26,2026-03-16T16:00:00,2035-05-18T00:00:00,0.0325413
2026-03-26,2026-03-16T16:00:00,2035-06-18T00:00:00,0.0326311
2026-03-26,2026-03-16T16:00:00,2035-07-18T00:00:00,0.0327172
2026-03-26,2026-03-16T16:00:00,2035-08-20T00:00:00,0.0328107
2026-03-26,2026-03-16T16:00:00,2035-09-18T00:00:00,0.0328918
2026-03-26,2026-03-16T16:00:00,2035-10-18T00:00:00,0.0329748
2026-03-26,2026-03-16T16:00:00,2035-11-19T00:00:00,0.033062
2026-03-26,2026-03-16T16:00:00,2035-12-18T00:00:00,0.03314
2026-03-26,2026-03-16T16:00:00,2036-01-18T00:00:00,0.0332221
2026-03-26,2026-03-16T16:00:00,2036-02-18T00:00:00,0.0333028
2026-03-26,2026-03-16T16:00:00,2036-03-18T00:00:00,0.0333772
2026-03-27,2026-03-16T16:00:00,2026-03-18T00:00:00,0.01958
2026-03-27,2026-03-16T16:00:00,2026-04-20T00:00:00,0.0202164
2026-03-27,2026-03-16T16:00:00,2026-05-18T00:00:00,0.0207461
2026-03-27,2026-03-16T16:00:00,2026-06-18T00:00:00,0.0213105
2026-03-27,2026-03-16T16:00:00,2026-07-20T00:00:00,0.021857
2026-03-27,2026-03-16T16:00:00,2026-08-18T00:00:00,0.02231
2026-03-27,2026-03-16T16:00:00,2026-09-18T00:00:00,0.0227389
2026-03-27,2026-03-16T16:00:00,2026-10-19T00:00:00,0.0231021
2026-03-27,2026-03-16T16:00:00,2026-11-18T00:00:00,0.0233943
2026-03-27,2026-03-16T16:00:00,2026-12-18T00:00:00,0.0236337
2026-03-27,2026-03-16T16:00:00,2027-01-18T00:00:00,0.0238317
2026-03-27,2026-03-16T16:00:00,2027-02-18T00:00:00,0.0239857
2026-03-27,2026-03-16T16:00:00,2027-03-18T00:00:00,0.0240922
2026-03-27,2026-03-16T16:00:00,2027-04-19T00:00:00,0.0241821
2026-03-27,2026-03-16T16:00:00,2027-05-18T00:00:00,0.0242397
2026-03-27,2026-03-16T16:00:00,2027-06-18T00:00:00,0.0242824
2026-03-27,2026-03-16T16:00:00,2027-07-19T00:00:00,0.0243114
2026-03-27,2026-03-16T16:00:00,2027-08-18T00:00:00,0.0243325
2026-03-27,2026-03-16T16:00:00,2027-09-20T00:00:00,0.0243543
2026-03-27,2026-03-16T16:00:00,2027-10-18T00:00:00,0.0243744
2026-03-27,2026-03-16T16:00:00,2027-11-18T00:00:00,0.0243985
2026-03-27,2026-03-16T16:00:00,2027-12-20T00:00:00,0.0244256
2026-03-27,2026-03-16T16:00:00,2028-01-18T00:00:00,0.0244523
2026-03-27,2026-03-16T16:00:00,2028-02-18T00:00:00,0.0244832
2026-03-27,2026-03-16T16:00:00,2028-03-20T00:00:00,0.0245166
2026-03-27,2026-03-16T16:00:00,2028-04-18T00:00:00,0.0245504
2026-03-27,2026-03-16T16:00:00,2028-05-18T00:00:00,0.0245879
2026-03-27,2026-03-16T16:00:00,2028-06-19T00:00:00,0.0246311
2026-03-27,2026-03-16T16:00:00,2028-07-18T00:00:00,0.0246731
2026-03-27,2026-03-16T16:00:00,2028-08-18T00:00:00,0.0247213
2026-03-27,2026-03-16T16:00:00,2028-09-18T00:00:00,0.0247729
2026-03-27,2026-03-16T16:00:00,2028-10-18T00:00:00,0.0248261
2026-03-27,2026-03-16T16:00:00,2028-11-20T00:00:00,0.0248883
2026-03-27,2026-03-16T16:00:00,2028-12-18T00:00:00,0.0249439
2026-03-27,2026-03-16T16:00:00,2029-01-18T00:00:00,0.0250086
2026-03-27,2026-03-16T16:00:00,2029-02-19T00:00:00,0.0250786
2026-03-27,2026-03-16T16:00:00,2029-03-19T00:00:00,0.0251424
2026-03-27,2026-03-16T16:00:00,2029-04-18T00:00:00,0.0252133
2026-03-27,2026-03-16T16:00:00,2029-05-18T00:00:00,0.0252869
2026-03-27,2026-03-16T16:00:00,2029-06-18T00:00:00,0.0253655
2026-03-27,2026-03-16T16:00:00,2029-07-18T00:00:00,0.025444
2026-03-27,2026-03-16T16:00:00,2029-08-20T00:00:00,0.0255331
2026-03-27,2026-03-16T16:00:00,2029-09-18T00:00:00,0.0256135
2026-03-27,2026-03-16T16:00:00,2029-10-18T00:00:00,0.0256989
2026-03-27,2026-03-16T16:00:00,2029-11-19T00:00:00,0.0257921
2026-03-27,2026-03-16T16:00:00,2029-12-18T00:00:00,0.0258785
2026-03-27,2026-03-16T16:00:00,2030-01-18T00:00:00,0.0259727
2026-03-27,2026-03-16T16:00:00,2030-02-18T00:00:00,0.0260688
2026-03-27,2026-03-16T16:00:00,2030-03-18T00:00:00,0.0261571
2026-03-27,2026-03-16T16:00:00,2030-04-18T00:00:00,0.0262564
2026-03-27,2026-03-16T16:00:00,2030-05-20T00:00:00,0.0263605
2026-03-27,2026-03-16T16:00:00,2030-06-18T00:00:00,0.0264563
2026-03-27,2026-03-16T16:00:00,2030-07-18T00:00:00,0.0265566
2026-03-27,2026-03-16T16:00:00,2030-08-19T00:00:00,0.026665
2026-03-27,2026-03-16T16:00:00,2030-09-18T00:00:00,0.0267677
2026-03-27,2026-03-16T16:00:00,2030-10-18T00:00:00,0.0268715
2026-03-27,2026-03-16T16:00:00,2030-11-18T00:00:00,0.0269797
2026-03-27,2026-03-16T16:00:00,2030-12-18T00:00:00,0.0270854
2026-03-27,2026-03-16T16:00:00,2031-01-20T00:00:00,0.0272025
2026-03-27,2026-03-16T16:00:00,2031-02-18T00:00:00,0.027306
2026-03-27,2026-03-16T16:00:00,2031-03-18T00:00:00,0.0274066
2026-03-27,2026-03-16T16:00:00,2031-04-18T00:00:00,0.0275185
2026-03-27,2026-03-16T16:00:00,2031-05-19T00:00:00,0.0276308
2026-03-27,2026-03-16T16:00:00,2031-06-18T00:00:00,0.0277399
2026-03-27,2026-03-16T16:00:00,2031-07-18T00:00:00,0.0278492
2026-03-27,2026-03-16T16:00:00,2031-08-18T00:00:00,0.0279624
2026-03-27,2026-03-16T16:00:00,2031-09-18T00:00:00,0.0280757
2026-03-27,2026-03-16T16:00:00,2031-10-20T00:00:00,0.0281926
2026-03-27,2026-03-16T16:00:00,2031-11-18T00:00:00,0.0282986
2026-03-27,2026-03-16T16:00:00,2031-12-18T00:00:00,0.028408
2026-03-27,2026-03-16T16:00:00,2032-01-19T00:00:00,0.0285244
2026-03-27,2026-03-16T16:00:00,2032-02-18T00:00:00,0.0286332
2026-03-27,2026-03-16T16:00:00,2032-03-18T00:00:00,0.028738
2026-03-27,2026-03-16T16:00:00,2032-04-19T00:00:00,0.0288531
2026-03-27,2026-03-16T16:00:00,2032-05-18T00:00:00,0.028957
2026-03-27,2026-03-16T16:00:00,2032-06-18T00:00:00,0.0290676
2026-03-27,2026-03-16T16:00:00,2032-07-19T00:00:00,0.0291776
2026-03-27,2026-03-16T16:00:00,2032-08-18T00:00:00,0.0292837
2026-03-27,2026-03-16T16:00:00,2032-09-20T00:00:00,0.0293998
2026-03-27,2026-03-16T16:00:00,2032-10-18T00:00:00,0.0294979
2026-03-27,2026-03-16T16:00:00,2032-11-18T00:00:00,0.029606
2026-03-27,2026-03-16T16:00:00,2032-12-20T00:00:00,0.029717
2026-03-27,2026-03-16T16:00:00,2033-01-18T00:00:00,0.0298172
2026-03-27,2026-03-16T16:00:00,2033-02-18T00:00:00,0.0299238
2026-03-27,2026-03-16T16:00:00,2033-03-18T00:00:00,0.0300196
2026-03-27,2026-03-16T16:00:00,2033-04-19T00:00:00,0.0301286
2026-03-27,2026-03-16T16:00:00,2033-05-18T00:00:00,0.0302269
2026-03-27,2026-03-16T16:00:00,2033-06-20T00:00:00,0.0303382
2026-03-27,2026-03-16T16:00:00,2033-07-18T00:00:00,0.0304321
2026-03-27,2026-03-16T16:00:00,2033-08-18T00:00:00,0.0305357
2026-03-27,2026-03-16T16:00:00,2033-09-19T00:00:00,0.030642
2026-03-27,2026-03-16T16:00:00,2033-10-18T00:00:00,0.0307378
2026-03-27,2026-03-16T16:00:00,2033-11-18T00:00:00,0.0308398
2026-03-27,2026-03-16T16:00:00,2033-12-19T00:00:00,0.0309412
2026-03-27,2026-03-16T16:00:00,2034-01-18T00:00:00,0.0310389
2026-03-27,2026-03-16T16:00:00,2034-02-20T00:00:00,0.0311457
2026-03-27,2026-03-16T16:00:00,2034-03-20T00:00:00,0.0312358
2026-03-27,2026-03-16T16:00:00,2034-04-18T00:00:00,0.0313287
2026-03-27,2026-03-16T16:00:00,2034-05-18T00:00:00,0.0314243
2026-03-27,2026-03-16T16:00:00,2034-06-19T00:00:00,0.0315257
2026-03-27,2026-03-16T16:00:00,2034-07-18T00:00:00,0.0316171
2026-03-27,2026-03-16T16:00:00,2034-08-18T00:00:00,0.0317142
2026-03-27,2026-03-16T16:00:00,2034-09-18T00:00:00,0.0318108
2026-03-27,2026-03-16T16:00:00,2034-10-18T00:00:00,0.0319038
2026-03-27,2026-03-16T16:00:00,2034-11-20T00:00:00,0.0320053
2026-03-27,2026-03-16T16:00:00,2034-12-18T00:00:00,0.0320908
2026-03-27,2026-03-16T16:00:00,2035-01-18T00:00:00,0.0321849
2026-03-27,2026-03-16T16:00:00,2035-02-19T00:00:00,0.0322811
2026-03-27,2026-03-16T16:00:00,2035-03-19T00:00:00,0.0323647
2026-03-27,2026-03-16T16:00:00,2035-04-18T00:00:00,0.0324534
2026-03-27,2026-03-16T16:00:00,2035-05-18T00:00:00,0.0325413
2026-03-27,2026-03-16T16:00:00,2035-06-18T00:00:00,0.0326311
2026-03-27,2026-03-16T16:00:00,2035-07-18T00:00:00,0.0327172
2026-03-27,2026-03-16T16:00:00,2035-08-20T00:00:00,0.0328107
2026-03-27,2026-03-16T16:00:00,2035-09-18T00:00:00,0.0328918
2026-03-27,2026-03-16T16:00:00,2035-10-18T00:00:00,0.0329748
2026-03-27,2026-03-16T16:00:00,2035-11-19T00:00:00,0.033062
2026-03-27,2026-03-16T16:00:00,2035-12-18T00:00:00,0.03314
2026-03-27,2026-03-16T16:00:00,2036-01-18T00:00:00,0.0332221
2026-03-27,2026-03-16T16:00:00,2036-02-18T00:00:00,0.0333028
2026-03-27,2026-03-16T16:00:00,2036-03-18T00:00:00,0.0333772
2026-03-30,2026-03-23T16:00:00,2026-03-25T00:00:00,0.0194
2026-03-30,2026-03-23T16:00:00,2026-04-27T00:00:00,0.0206465
2026-03-30,2026-03-23T16:00:00,2026-05-25T00:00:00,0.021677
2026-03-30,2026-03-23T16:00:00,2026-06-25T00:00:00,0.0227604
2026-03-30,2026-03-23T16:00:00,2026-07-27T00:00:00,0.0237844
2026-03-30,2026-03-23T16:00:00,2026-08-25T00:00:00,0.0246022
2026-03-30,2026-03-23T16:00:00,2026-09-25T00:00:00,0.0253315
2026-03-30,2026-03-23T16:00:00,2026-10-26T00:00:00,0.0258898
2026-03-30,2026-03-23T16:00:00,2026-11-25T00:00:00,0.0262777
2026-03-30,2026-03-23T16:00:00,2026-12-28T00:00:00,0.0265523
2026-03-30,2026-03-23T16:00:00,2027-01-25T00:00:00,0.0266772
2026-03-30,2026-03-23T16:00:00,2027-02-25T00:00:00,0.0267181
2026-03-30,2026-03-23T16:00:00,2027-03-25T00:00:00,0.0266824
2026-03-30,2026-03-23T16:00:00,2027-04-26T00:00:00,0.0265762
2026-03-30,2026-03-23T16:00:00,2027-05-25T00:00:00,0.0264368
2026-03-30,2026-03-23T16:00:00,2027-06-25T00:00:00,0.0262609
2026-03-30,2026-03-23T16:00:00,2027-07-26T00:00:00,0.0260761
2026-03-30,2026-03-23T16:00:00,2027-08-25T00:00:00,0.025907
2026-03-30,2026-03-23T16:00:00,2027-09-27T00:00:00,0.0257525
2026-03-30,2026-03-23T16:00:00,2027-10-25T00:00:00,0.0256537
2026-03-30,2026-03-23T16:00:00,2027-11-25T00:00:00,0.0255761
2026-03-30,2026-03-23T16:00:00,2027-12-27T00:00:00,0.0255275
2026-03-30,2026-03-23T16:00:00,2028-01-25T00:00:00,0.0255079
2026-03-30,2026-03-23T16:00:00,2028-02-25T00:00:00,0.0255096
2026-03-30,2026-03-23T16:00:00,2028-03-27T00:00:00,0.0255311
2026-03-30,2026-03-23T16:00:00,2028-04-25T00:00:00,0.0255663
2026-03-30,2026-03-23T16:00:00,2028-05-25T00:00:00,0.025615
2026-03-30,2026-03-23T16:00:00,2028-06-26T00:00:00,0.0256772
2026-03-30,2026-03-23T16:00:00,2028-07-25T00:00:00,0.0257396
2026-03-30,2026-03-23T16:00:00,2028-08-25T00:00:00,0.0258095
2026-03-30,2026-03-23T16:00:00,2028-09-25T00:00:00,0.0258794
2026-03-30,2026-03-23T16:00:00,2028-10-25T00:00:00,0.0259454
2026-03-30,2026-03-23T16:00:00,2028-11-27T00:00:00,0.0260162
2026-03-30,2026-03-23T16:00:00,2028-12-27T00:00:00,0.0260793
2026-03-30,2026-03-23T16:00:00,2029-01-25T00:00:00,0.0261392
2026-03-30,2026-03-23T16:00:00,2029-02-26T00:00:00,0.0262042
2026-03-30,2026-03-23T16:00:00,2029-03-26T00:00:00,0.0262603
2026-03-30,2026-03-23T16:00:00,2029-04-25T00:00:00,0.0263198
2026-03-30,2026-03-23T16:00:00,2029-05-25T00:00:00,0.0263789
2026-03-30,2026-03-23T16:00:00,2029-06-25T00:00:00,0.0264396
2026-03-30,2026-03-23T16:00:00,2029-07-25T00:00:00,0.0264982
2026-03-30,2026-03-23T16:00:00,2029-08-27T00:00:00,0.0265628
2026-03-30,2026-03-23T16:00:00,2029-09-25T00:00:00,0.0266197
2026-03-30,2026-03-23T16:00:00,2029-10-25T00:00:00,0.026679
2026-03-30,2026-03-23T16:00:00,2029-11-26T00:00:00,0.0267429
2026-03-30,2026-03-23T16:00:00,2029-12-27T00:00:00,0.0268055
2026-03-30,2026-03-23T16:00:00,2030-01-25T00:00:00,0.026865
2026-03-30,2026-03-23T16:00:00,2030-02-25T00:00:00,0.0269297
2026-03-30,2026-03-23T16:00:00,2030-03-25T00:00:00,0.0269893
2026-03-30,2026-03-23T16:00:00,2030-04-25T00:00:00,0.0270566
2026-03-30,2026-03-23T16:00:00,2030-05-27T00:00:00,0.0271276
2026-03-30,2026-03-23T16:00:00,2030-06-25T00:00:00,0.0271932
2026-03-30,2026-03-23T16:00:00,2030-07-25T00:00:00,0.0272623
2026-03-30,2026-03-23T16:00:00,2030-08-26T00:00:00,0.0273375
2026-03-30,2026-03-23T16:00:00,2030-09-25T00:00:00,0.0274093
2026-03-30,2026-03-23T16:00:00,2030-10-25T00:00:00,0.0274823
2026-03-30,2026-03-23T16:00:00,2030-11-25T00:00:00,0.0275591
2026-03-30,2026-03-23T16:00:00,2030-12-27T00:00:00,0.0276399
2026-03-30,2026-03-23T16:00:00,2031-01-27T00:00:00,0.0277194
2026-03-30,2026-03-23T16:00:00,2031-02-25T00:00:00,0.027795
2026-03-30,2026-03-23T16:00:00,2031-03-25T00:00:00,0.0278691
2026-03-30,2026-03-23T16:00:00,2031-04-25T00:00:00,0.0279524
2026-03-30,2026-03-23T16:00:00,2031-05-26T00:00:00,0.028037
2026-03-30,2026-03-23T16:00:00,2031-06-25T00:00:00,0.0281201
2026-03-30,2026-03-23T16:00:00,2031-07-25T00:00:00,0.0282043
2026-03-30,2026-03-23T16:00:00,2031-08-25T00:00:00,0.0282927
2026-03-30,2026-03-23T16:00:00,2031-09-25T00:00:00,0.0283823
2026-03-30,2026-03-23T16:00:00,2031-10-27T00:00:00,0.0284761
2026-03-30,2026-03-23T16:00:00,2031-11-25T00:00:00,0.0285623
2026-03-30,2026-03-23T16:00:00,2031-12-29T00:00:00,0.0286647
2026-03-30,2026-03-23T16:00:00,2032-01-26T00:00:00,0.0287501
2026-03-30,2026-03-23T16:00:00,2032-02-25T00:00:00,0.0288427
2026-03-30,2026-03-23T16:00:00,2032-03-25T00:00:00,0.0289334
2026-03-30,2026-03-23T16:00:00,2032-04-26T00:00:00,0.0290345
2026-03-30,2026-03-23T16:00:00,2032-05-25T00:00:00,0.0291272
2026-03-30,2026-03-23T16:00:00,2032-06-25T00:00:00,0.0292273
2026-03-30,2026-03-23T16:00:00,2032-07-26T00:00:00,0.0293283
2026-03-30,2026-03-23T16:00:00,2032-08-25T00:00:00,0.0294269
2026-03-30,2026-03-23T16:00:00,2032-09-27T00:00:00,0.0295361
2026-03-30,2026-03-23T16:00:00,2032-10-25T00:00:00,0.0296294
2026-03-30,2026-03-23T16:00:00,2032-11-25T00:00:00,0.0297333
2026-03-30,2026-03-23T16:00:00,2032-12-27T00:00:00,0.0298411
2026-03-30,2026-03-23T16:00:00,2033-01-25T00:00:00,0.0299392
2026-03-30,2026-03-23T16:00:00,2033-02-25T00:00:00,0.0300445
2026-03-30,2026-03-23T16:00:00,2033-03-25T00:00:00,0.0301398
2026-03-30,2026-03-23T16:00:00,2033-04-25T00:00:00,0.0302455
2026-03-30,2026-03-23T16:00:00,2033-05-25T00:00:00,0.030348
2026-03-30,2026-03-23T16:00:00,2033-06-27T00:00:00,0.0304608
2026-03-30,2026-03-23T16:00:00,2033-07-25T00:00:00,0.0305565
2026-03-30,2026-03-23T16:00:00,2033-08-25T00:00:00,0.0306624
2026-03-30,2026-03-23T16:00:00,2033-09-26T00:00:00,0.0307715
2026-03-30,2026-03-23T16:00:00,2033-10-25T00:00:00,0.0308701
2026-03-30,2026-03-23T16:00:00,2033-11-25T00:00:00,0.0309753
2026-03-30,2026-03-23T16:00:00,2033-12-27T00:00:00,0.0310834
2026-03-30,2026-03-23T16:00:00,2034-01-25T00:00:00,0.0311809
2026-03-30,2026-03-23T16:00:00,2034-02-27T00:00:00,0.0312913
2026-03-30,2026-03-23T16:00:00,2034-03-27T00:00:00,0.0313844
2026-03-30,2026-03-23T16:00:00,2034-04-25T00:00:00,0.0314801
2026-03-30,2026-03-23T16:00:00,2034-05-25T00:00:00,0.0315785
2026-03-30,2026-03-23T16:00:00,2034-06-26T00:00:00,0.0316825
2026-03-30,2026-03-23T16:00:00,2034-07-25T00:00:00,0.0317759
2026-03-30,2026-03-23T16:00:00,2034-08-25T00:00:00,0.0318748
2026-03-30,2026-03-23T16:00:00,2034-09-25T00:00:00,0.0319725
2026-03-30,2026-03-23T16:00:00,2034-10-25T00:00:00,0.032066
2026-03-30,2026-03-23T16:00:00,2034-11-27T00:00:00,0.0321675
2026-03-30,2026-03-23T16:00:00,2034-12-27T00:00:00,0.0322587
2026-03-30,2026-03-23T16:00:00,2035-01-25T00:00:00,0.0323458
2026-03-30,2026-03-23T16:00:00,2035-02-26T00:00:00,0.0324406
2026-03-30,2026-03-23T16:00:00,2035-03-27T00:00:00,0.0325255
2026-03-30,2026-03-23T16:00:00,2035-04-25T00:00:00,0.0326093
2026-03-30,2026-03-23T16:00:00,2035-05-25T00:00:00,0.0326948
2026-03-30,2026-03-23T16:00:00,2035-06-25T00:00:00,0.0327819
2026-03-30,2026-03-23T16:00:00,2035-07-25T00:00:00,0.032865
2026-03-30,2026-03-23T16:00:00,2035-08-27T00:00:00,0.032955
2026-03-30,2026-03-23T16:00:00,2035-09-25T00:00:00,0.0330329
2026-03-30,2026-03-23T16:00:00,2035-10-25T00:00:00,0.0331123
2026-03-30,2026-03-23T16:00:00,2035-11-26T00:00:00,0.0331955
2026-03-30,2026-03-23T16:00:00,2035-12-27T00:00:00,0.0332749
2026-03-30,2026-03-23T16:00:00,2036-01-25T00:00:00,0.0333479
2026-03-30,2026-03-23T16:00:00,2036-02-25T00:00:00,0.0334245
2026-03-30,2026-03-23T16:00:00,2036-03-25T00:00:00,0.033495
2026-03-31,2026-03-23T16:00:00,2026-03-25T00:00:00,0.0194
2026-03-31,2026-03-23T16:00:00,2026-04-27T00:00:00,0.0206465
2026-03-31,2026-03-23T16:00:00,2026-05-25T00:00:00,0.021677
2026-03-31,2026-03-23T16:00:00,2026-06-25T00:00:00,0.0227604
2026-03-31,2026-03-23T16:00:00,2026-07-27T00:00:00,0.0237844
2026-03-31,2026-03-23T16:00:00,2026-08-25T00:00:00,0.0246022
2026-03-31,2026-03-23T16:00:00,2026-09-25T00:00:00,0.0253315
2026-03-31,2026-03-23T16:00:00,2026-10-26T00:00:00,0.0258898
2026-03-31,2026-03-23T16:00:00,2026-11-25T00:00:00,0.0262777
2026-03-31,2026-03-23T16:00:00,2026-12-28T00:00:00,0.0265523
2026-03-31,2026-03-23T16:00:00,2027-01-25T00:00:00,0.0266772
2026-03-31,2026-03-23T16:00:00,2027-02-25T00:00:00,0.0267181
2026-03-31,2026-03-23T16:00:00,2027-03-25T00:00:00,0.0266824
2026-03-31,2026-03-23T16:00:00,2027-04-26T00:00:00,0.0265762
2026-03-31,2026-03-23T16:00:00,2027-05-25T00:00:00,0.0264368
2026-03-31,2026-03-23T16:00:00,2027-06-25T00:00:00,0.0262609
2026-03-31,2026-03-23T16:00:00,2027-07-26T00:00:00,0.0260761
2026-03-31,2026-03-23T16:00:00,2027-08-25T00:00:00,0.025907
2026-03-31,2026-03-23T16:00:00,2027-09-27T00:00:00,0.0257525
2026-03-31,2026-03-23T16:00:00,2027-10-25T00:00:00,0.0256537
2026-03-31,2026-03-23T16:00:00,2027-11-25T00:00:00,0.0255761
2026-03-31,2026-03-23T16:00:00,2027-12-27T00:00:00,0.0255275
2026-03-31,2026-03-23T16:00:00,2028-01-25T00:00:00,0.0255079
2026-03-31,2026-03-23T16:00:00,2028-02-25T00:00:00,0.0255096
2026-03-31,2026-03-23T16:00:00,2028-03-27T00:00:00,0.0255311
2026-03-31,2026-03-23T16:00:00,2028-04-25T00:00:00,0.0255663
2026-03-31,2026-03-23T16:00:00,2028-05-25T00:00:00,0.025615
2026-03-31,2026-03-23T16:00:00,2028-06-26T00:00:00,0.0256772
2026-03-31,2026-03-23T16:00:00,2028-07-25T00:00:00,0.0257396
2026-03-31,2026-03-23T16:00:00,2028-08-25T00:00:00,0.0258095
2026-03-31,2026-03-23T16:00:00,2028-09-25T00:00:00,0.0258794
2026-03-31,2026-03-23T16:00:00,2028-10-25T00:00:00,0.0259454
2026-03-31,2026-03-23T16:00:00,2028-11-27T00:00:00,0.0260162
2026-03-31,2026-03-23T16:00:00,2028-12-27T00:00:00,0.0260793
2026-03-31,2026-03-23T16:00:00,2029-01-25T00:00:00,0.0261392
2026-03-31,2026-03-23T16:00:00,2029-02-26T00:00:00,0.0262042
2026-03-31,2026-03-23T16:00:00,2029-03-26T00:00:00,0.0262603
2026-03-31,2026-03-23T16:00:00,2029-04-25T00:00:00,0.0263198
2026-03-31,2026-03-23T16:00:00,2029-05-25T00:00:00,0.0263789
2026-03-31,2026-03-23T16:00:00,2029-06-25T00:00:00,0.0264396
2026-03-31,2026-03-23T16:00:00,2029-07-25T00:00:00,0.0264982
2026-03-31,2026-03-23T16:00:00,2029-08-27T00:00:00,0.0265628
2026-03-31,2026-03-23T16:00:00,2029-09-25T00:00:00,0.0266197
2026-03-31,2026-03-23T16:00:00,2029-10-25T00:00:00,0.026679
2026-03-31,2026-03-23T16:00:00,2029-11-26T00:00:00,0.0267429
2026-03-31,2026-03-23T16:00:00,2029-12-27T00:00:00,0.0268055
2026-03-31,2026-03-23T16:00:00,2030-01-25T00:00:00,0.026865
2026-03-31,2026-03-23T16:00:00,2030-02-25T00:00:00,0.0269297
2026-03-31,2026-03-23T16:00:00,2030-03-25T00:00:00,0.0269893
2026-03-31,2026-03-23T16:00:00,2030-04-25T00:00:00,0.0270566
2026-03-31,2026-03-23T16:00:00,2030-05-27T00:00:00,0.0271276
2026-03-31,2026-03-23T16:00:00,2030-06-25T00:00:00,0.0271932
2026-03-31,2026-03-23T16:00:00,2030-07-25T00:00:00,0.0272623
2026-03-31,2026-03-23T16:00:00,2030-08-26T00:00:00,0.0273375
2026-03-31,2026-03-23T16:00:00,2030-09-25T00:00:00,0.0274093
2026-03-31,2026-03-23T16:00:00,2030-10-25T00:00:00,0.0274823
2026-03-31,2026-03-23T16:00:00,2030-11-25T00:00:00,0.0275591
2026-03-31,2026-03-23T16:00:00,2030-12-27T00:00:00,0.0276399
2026-03-31,2026-03-23T16:00:00,2031-01-27T00:00:00,0.0277194
2026-03-31,2026-03-23T16:00:00,2031-02-25T00:00:00,0.027795
2026-03-31,2026-03-23T16:00:00,2031-03-25T00:00:00,0.0278691
2026-03-31,2026-03-23T16:00:00,2031-04-25T00:00:00,0.0279524
2026-03-31,2026-03-23T16:00:00,2031-05-26T00:00:00,0.028037
2026-03-31,2026-03-23T16:00:00,2031-06-25T00:00:00,0.0281201
2026-03-31,2026-03-23T16:00:00,2031-07-25T00:00:00,0.0282043
2026-03-31,2026-03-23T16:00:00,2031-08-25T00:00:00,0.0282927
2026-03-31,2026-03-23T16:00:00,2031-09-25T00:00:00,0.0283823
2026-03-31,2026-03-23T16:00:00,2031-10-27T00:00:00,0.0284761
2026-03-31,2026-03-23T16:00:00,2031-11-25T00:00:00,0.0285623
2026-03-31,2026-03-23T16:00:00,2031-12-29T00:00:00,0.0286647
2026-03-31,2026-03-23T16:00:00,2032-01-26T00:00:00,0.0287501
2026-03-31,2026-03-23T16:00:00,2032-02-25T00:00:00,0.0288427
2026-03-31,2026-03-23T16:00:00,2032-03-25T00:00:00,0.0289334
2026-03-31,2026-03-23T16:00:00,2032-04-26T00:00:00,0.0290345
2026-03-31,2026-03-23T16:00:00,2032-05-25T00:00:00,0.0291272
2026-03-31,2026-03-23T16:00:00,2032-06-25T00:00:00,0.0292273
2026-03-31,2026-03-23T16:00:00,2032-07-26T00:00:00,0.0293283
2026-03-31,2026-03-23T16:00:00,2032-08-25T00:00:00,0.0294269
2026-03-31,2026-03-23T16:00:00,2032-09-27T00:00:00,0.0295361
2026-03-31,2026-03-23T16:00:00,2032-10-25T00:00:00,0.0296294
2026-03-31,2026-03-23T16:00:00,2032-11-25T00:00:00,0.0297333
2026-03-31,2026-03-23T16:00:00,2032-12-27T00:00:00,0.0298411
2026-03-31,2026-03-23T16:00:00,2033-01-25T00:00:00,0.0299392
2026-03-31,2026-03-23T16:00:00,2033-02-25T00:00:00,0.0300445
2026-03-31,2026-03-23T16:00:00,2033-03-25T00:00:00,0.0301398
2026-03-31,2026-03-23T16:00:00,2033-04-25T00:00:00,0.0302455
2026-03-31,2026-03-23T16:00:00,2033-05-25T00:00:00,0.030348
2026-03-31,2026-03-23T16:00:00,2033-06-27T00:00:00,0.0304608
2026-03-31,2026-03-23T16:00:00,2033-07-25T00:00:00,0.0305565
2026-03-31,2026-03-23T16:00:00,2033-08-25T00:00:00,0.0306624
2026-03-31,2026-03-23T16:00:00,2033-09-26T00:00:00,0.0307715
2026-03-31,2026-03-23T16:00:00,2033-10-25T00:00:00,0.0308701
2026-03-31,2026-03-23T16:00:00,2033-11-25T00:00:00,0.0309753
2026-03-31,2026-03-23T16:00:00,2033-12-27T00:00:00,0.0310834
2026-03-31,2026-03-23T16:00:00,2034-01-25T00:00:00,0.0311809
2026-03-31,2026-03-23T16:00:00,2034-02-27T00:00:00,0.0312913
2026-03-31,2026-03-23T16:00:00,2034-03-27T00:00:00,0.0313844
2026-03-31,2026-03-23T16:00:00,2034-04-25T00:00:00,0.0314801
2026-03-31,2026-03-23T16:00:00,2034-05-25T00:00:00,0.0315785
2026-03-31,2026-03-23T16:00:00,2034-06-26T00:00:00,0.0316825
2026-03-31,2026-03-23T16:00:00,2034-07-25T00:00:00,0.0317759
2026-03-31,2026-03-23T16:00:00,2034-08-25T00:00:00,0.0318748
2026-03-31,2026-03-23T16:00:00,2034-09-25T00:00:00,0.0319725
2026-03-31,2026-03-23T16:00:00,2034-10-25T00:00:00,0.032066
2026-03-31,2026-03-23T16:00:00,2034-11-27T00:00:00,0.0321675
2026-03-31,2026-03-23T16:00:00,2034-12-27T00:00:00,0.0322587
2026-03-31,2026-03-23T16:00:00,2035-01-25T00:00:00,0.0323458
2026-03-31,2026-03-23T16:00:00,2035-02-26T00:00:00,0.0324406
2026-03-31,2026-03-23T16:00:00,2035-03-27T00:00:00,0.0325255
2026-03-31,2026-03-23T16:00:00,2035-04-25T00:00:00,0.0326093
2026-03-31,2026-03-23T16:00:00,2035-05-25T00:00:00,0.0326948
2026-03-31,2026-03-23T16:00:00,2035-06-25T00:00:00,0.0327819
2026-03-31,2026-03-23T16:00:00,2035-07-25T00:00:00,0.032865
2026-03-31,2026-03-23T16:00:00,2035-08-27T00:00:00,0.032955
2026-03-31,2026-03-23T16:00:00,2035-09-25T00:00:00,0.0330329
2026-03-31,2026-03-23T16:00:00,2035-10-25T00:00:00,0.0331123
2026-03-31,2026-03-23T16:00:00,2035-11-26T00:00:00,0.0331955
2026-03-31,2026-03-23T16:00:00,2035-12-27T00:00:00,0.0332749
2026-03-31,2026-03-23T16:00:00,2036-01-25T00:00:00,0.0333479
2026-03-31,2026-03-23T16:00:00,2036-02-25T00:00:00,0.0334245
2026-03-31,2026-03-23T16:00:00,2036-03-25T00:00:00,0.033495
2026-04-01,2026-03-23T16:00:00,2026-03-25T00:00:00,0.0194
2026-04-01,2026-03-23T16:00:00,2026-04-27T00:00:00,0.0206465
2026-04-01,2026-03-23T16:00:00,2026-05-25T00:00:00,0.021677
2026-04-01,2026-03-23T16:00:00,2026-06-25T00:00:00,0.0227604
2026-04-01,2026-03-23T16:00:00,2026-07-27T00:00:00,0.0237844
2026-04-01,2026-03-23T16:00:00,2026-08-25T00:00:00,0.0246022
2026-04-01,2026-03-23T16:00:00,2026-09-25T00:00:00,0.0253315
2026-04-01,2026-03-23T16:00:00,2026-10-26T00:00:00,0.0258898
2026-04-01,2026-03-23T16:00:00,2026-11-25T00:00:00,0.0262777
2026-04-01,2026-03-23T16:00:00,2026-12-28T00:00:00,0.0265523
2026-04-01,2026-03-23T16:00:00,2027-01-25T00:00:00,0.0266772
2026-04-01,2026-03-23T16:00:00,2027-02-25T00:00:00,0.0267181
2026-04-01,2026-03-23T16:00:00,2027-03-25T00:00:00,0.0266824
2026-04-01,2026-03-23T16:00:00,2027-04-26T00:00:00,0.0265762
2026-04-01,2026-03-23T16:00:00,2027-05-25T00:00:00,0.0264368
2026-04-01,2026-03-23T16:00:00,2027-06-25T00:00:00,0.0262609
2026-04-01,2026-03-23T16:00:00,2027-07-26T00:00:00,0.0260761
2026-04-01,2026-03-23T16:00:00,2027-08-25T00:00:00,0.025907
2026-04-01,2026-03-23T16:00:00,2027-09-27T00:00:00,0.0257525
2026-04-01,2026-03-23T16:00:00,2027-10-25T00:00:00,0.0256537
2026-04-01,2026-03-23T16:00:00,2027-11-25T00:00:00,0.0255761
2026-04-01,2026-03-23T16:00:00,2027-12-27T00:00:00,0.0255275
2026-04-01,2026-03-23T16:00:00,2028-01-25T00:00:00,0.0255079
2026-04-01,2026-03-23T16:00:00,2028-02-25T00:00:00,0.0255096
2026-04-01,2026-03-23T16:00:00,2028-03-27T00:00:00,0.0255311
2026-04-01,2026-03-23T16:00:00,2028-04-25T00:00:00,0.0255663
2026-04-01,2026-03-23T16:00:00,2028-05-25T00:00:00,0.025615
2026-04-01,2026-03-23T16:00:00,2028-06-26T00:00:00,0.0256772
2026-04-01,2026-03-23T16:00:00,2028-07-25T00:00:00,0.0257396
2026-04-01,2026-03-23T16:00:00,2028-08-25T00:00:00,0.0258095
2026-04-01,2026-03-23T16:00:00,2028-09-25T00:00:00,0.0258794
2026-04-01,2026-03-23T16:00:00,2028-10-25T00:00:00,0.0259454
2026-04-01,2026-03-23T16:00:00,2028-11-27T00:00:00,0.0260162
2026-04-01,2026-03-23T16:00:00,2028-12-27T00:00:00,0.0260793
2026-04-01,2026-03-23T16:00:00,2029-01-25T00:00:00,0.0261392
2026-04-01,2026-03-23T16:00:00,2029-02-26T00:00:00,0.0262042
2026-04-01,2026-03-23T16:00:00,2029-03-26T00:00:00,0.0262603
2026-04-01,2026-03-23T16:00:00,2029-04-25T00:00:00,0.0263198
2026-04-01,2026-03-23T16:00:00,2029-05-25T00:00:00,0.0263789
2026-04-01,2026-03-23T16:00:00,2029-06-25T00:00:00,0.0264396
2026-04-01,2026-03-23T16:00:00,2029-07-25T00:00:00,0.0264982
2026-04-01,2026-03-23T16:00:00,2029-08-27T00:00:00,0.0265628
2026-04-01,2026-03-23T16:00:00,2029-09-25T00:00:00,0.0266197
2026-04-01,2026-03-23T16:00:00,2029-10-25T00:00:00,0.026679
2026-04-01,2026-03-23T16:00:00,2029-11-26T00:00:00,0.0267429
2026-04-01,2026-03-23T16:00:00,2029-12-27T00:00:00,0.0268055
2026-04-01,2026-03-23T16:00:00,2030-01-25T00:00:00,0.026865
2026-04-01,2026-03-23T16:00:00,2030-02-25T00:00:00,0.0269297
2026-04-01,2026-03-23T16:00:00,2030-03-25T00:00:00,0.0269893
2026-04-01,2026-03-23T16:00:00,2030-04-25T00:00:00,0.0270566
2026-04-01,2026-03-23T16:00:00,2030-05-27T00:00:00,0.0271276
2026-04-01,2026-03-23T16:00:00,2030-06-25T00:00:00,0.0271932
2026-04-01,2026-03-23T16:00:00,2030-07-25T00:00:00,0.0272623
2026-04-01,2026-03-23T16:00:00,2030-08-26T00:00:00,0.0273375
2026-04-01,2026-03-23T16:00:00,2030-09-25T00:00:00,0.0274093
2026-04-01,2026-03-23T16:00:00,2030-10-25T00:00:00,0.0274823
2026-04-01,2026-03-23T16:00:00,2030-11-25T00:00:00,0.0275591
2026-04-01,2026-03-23T16:00:00,2030-12-27T00:00:00,0.0276399
2026-04-01,2026-03-23T16:00:00,2031-01-27T00:00:00,0.0277194
2026-04-01,2026-03-23T16:00:00,2031-02-25T00:00:00,0.027795
2026-04-01,2026-03-23T16:00:00,2031-03-25T00:00:00,0.0278691
2026-04-01,2026-03-23T16:00:00,2031-04-25T00:00:00,0.0279524
2026-04-01,2026-03-23T16:00:00,2031-05-26T00:00:00,0.028037
2026-04-01,2026-03-23T16:00:00,2031-06-25T00:00:00,0.0281201
2026-04-01,2026-03-23T16:00:00,2031-07-25T00:00:00,0.0282043
2026-04-01,2026-03-23T16:00:00,2031-08-25T00:00:00,0.0282927
2026-04-01,2026-03-23T16:00:00,2031-09-25T00:00:00,0.0283823
2026-04-01,2026-03-23T16:00:00,2031-10-27T00:00:00,0.0284761
2026-04-01,2026-03-23T16:00:00,2031-11-25T00:00:00,0.0285623
2026-04-01,2026-03-23T16:00:00,2031-12-29T00:00:00,0.0286647
2026-04-01,2026-03-23T16:00:00,2032-01-26T00:00:00,0.0287501
2026-04-01,2026-03-23T16:00:00,2032-02-25T00:00:00,0.0288427
2026-04-01,2026-03-23T16:00:00,2032-03-25T00:00:00,0.0289334
2026-04-01,2026-03-23T16:00:00,2032-04-26T00:00:00,0.0290345
2026-04-01,2026-03-23T16:00:00,2032-05-25T00:00:00,0.0291272
2026-04-01,2026-03-23T16:00:00,2032-06-25T00:00:00,0.0292273
2026-04-01,2026-03-23T16:00:00,2032-07-26T00:00:00,0.0293283
2026-04-01,2026-03-23T16:00:00,2032-08-25T00:00:00,0.0294269
2026-04-01,2026-03-23T16:00:00,2032-09-27T00:00:00,0.0295361
2026-04-01,2026-03-23T16:00:00,2032-10-25T00:00:00,0.0296294
2026-04-01,2026-03-23T16:00:00,2032-11-25T00:00:00,0.0297333
2026-04-01,2026-03-23T16:00:00,2032-12-27T00:00:00,0.0298411
2026-04-01,2026-03-23T16:00:00,2033-01-25T00:00:00,0.0299392
2026-04-01,2026-03-23T16:00:00,2033-02-25T00:00:00,0.0300445
2026-04-01,2026-03-23T16:00:00,2033-03-25T00:00:00,0.0301398
2026-04-01,2026-03-23T16:00:00,2033-04-25T00:00:00,0.0302455
2026-04-01,2026-03-23T16:00:00,2033-05-25T00:00:00,0.030348
2026-04-01,2026-03-23T16:00:00,2033-06-27T00:00:00,0.0304608
2026-04-01,2026-03-23T16:00:00,2033-07-25T00:00:00,0.0305565
2026-04-01,2026-03-23T16:00:00,2033-08-25T00:00:00,0.0306624
2026-04-01,2026-03-23T16:00:00,2033-09-26T00:00:00,0.0307715
2026-04-01,2026-03-23T16:00:00,2033-10-25T00:00:00,0.0308701
2026-04-01,2026-03-23T16:00:00,2033-11-25T00:00:00,0.0309753
2026-04-01,2026-03-23T16:00:00,2033-12-27T00:00:00,0.0310834
2026-04-01,2026-03-23T16:00:00,2034-01-25T00:00:00,0.0311809
2026-04-01,2026-03-23T16:00:00,2034-02-27T00:00:00,0.0312913
2026-04-01,2026-03-23T16:00:00,2034-03-27T00:00:00,0.0313844
2026-04-01,2026-03-23T16:00:00,2034-04-25T00:00:00,0.0314801
2026-04-01,2026-03-23T16:00:00,2034-05-25T00:00:00,0.0315785
2026-04-01,2026-03-23T16:00:00,2034-06-26T00:00:00,0.0316825
2026-04-01,2026-03-23T16:00:00,2034-07-25T00:00:00,0.0317759
2026-04-01,2026-03-23T16:00:00,2034-08-25T00:00:00,0.0318748
2026-04-01,2026-03-23T16:00:00,2034-09-25T00:00:00,0.0319725
2026-04-01,2026-03-23T16:00:00,2034-10-25T00:00:00,0.032066
2026-04-01,2026-03-23T16:00:00,2034-11-27T00:00:00,0.0321675
2026-04-01,2026-03-23T16:00:00,2034-12-27T00:00:00,0.0322587
2026-04-01,2026-03-23T16:00:00,2035-01-25T00:00:00,0.0323458
2026-04-01,2026-03-23T16:00:00,2035-02-26T00:00:00,0.0324406
2026-04-01,2026-03-23T16:00:00,2035-03-27T00:00:00,0.0325255
2026-04-01,2026-03-23T16:00:00,2035-04-25T00:00:00,0.0326093
2026-04-01,2026-03-23T16:00:00,2035-05-25T00:00:00,0.0326948
2026-04-01,2026-03-23T16:00:00,2035-06-25T00:00:00,0.0327819
2026-04-01,2026-03-23T16:00:00,2035-07-25T00:00:00,0.032865
2026-04-01,2026-03-23T16:00:00,2035-08-27T00:00:00,0.032955
2026-04-01,2026-03-23T16:00:00,2035-09-25T00:00:00,0.0330329
2026-04-01,2026-03-23T16:00:00,2035-10-25T00:00:00,0.0331123
2026-04-01,2026-03-23T16:00:00,2035-11-26T00:00:00,0.0331955
2026-04-01,2026-03-23T16:00:00,2035-12-27T00:00:00,0.0332749
2026-04-01,2026-03-23T16:00:00,2036-01-25T00:00:00,0.0333479
2026-04-01,2026-03-23T16:00:00,2036-02-25T00:00:00,0.0334245
2026-04-01,2026-03-23T16:00:00,2036-03-25T00:00:00,0.033495
2026-04-02,2026-03-23T16:00:00,2026-03-25T00:00:00,0.0194
2026-04-02,2026-03-23T16:00:00,2026-04-27T00:00:00,0.0206465
2026-04-02,2026-03-23T16:00:00,2026-05-25T00:00:00,0.021677
2026-04-02,2026-03-23T16:00:00,2026-06-25T00:00:00,0.0227604
2026-04-02,2026-03-23T16:00:00,2026-07-27T00:00:00,0.0237844
2026-04-02,2026-03-23T16:00:00,2026-08-25T00:00:00,0.0246022
2026-04-02,2026-03-23T16:00:00,2026-09-25T00:00:00,0.0253315
2026-04-02,2026-03-23T16:00:00,2026-10-26T00:00:00,0.0258898
2026-04-02,2026-03-23T16:00:00,2026-11-25T00:00:00,0.0262777
2026-04-02,2026-03-23T16:00:00,2026-12-28T00:00:00,0.0265523
2026-04-02,2026-03-23T16:00:00,2027-01-25T00:00:00,0.0266772
2026-04-02,2026-03-23T16:00:00,2027-02-25T00:00:00,0.0267181
2026-04-02,2026-03-23T16:00:00,2027-03-25T00:00:00,0.0266824
2026-04-02,2026-03-23T16:00:00,2027-04-26T00:00:00,0.0265762
2026-04-02,2026-03-23T16:00:00,2027-05-25T00:00:00,0.0264368
2026-04-02,2026-03-23T16:00:00,2027-06-25T00:00:00,0.0262609
2026-04-02,2026-03-23T16:00:00,2027-07-26T00:00:00,0.0260761
2026-04-02,2026-03-23T16:00:00,2027-08-25T00:00:00,0.025907
2026-04-02,2026-03-23T16:00:00,2027-09-27T00:00:00,0.0257525
2026-04-02,2026-03-23T16:00:00,2027-10-25T00:00:00,0.0256537
2026-04-02,2026-03-23T16:00:00,2027-11-25T00:00:00,0.0255761
2026-04-02,2026-03-23T16:00:00,2027-12-27T00:00:00,0.0255275
2026-04-02,2026-03-23T16:00:00,2028-01-25T00:00:00,0.0255079
2026-04-02,2026-03-23T16:00:00,2028-02-25T00:00:00,0.0255096
2026-04-02,2026-03-23T16:00:00,2028-03-27T00:00:00,0.0255311
2026-04-02,2026-03-23T16:00:00,2028-04-25T00:00:00,0.0255663
2026-04-02,2026-03-23T16:00:00,2028-05-25T00:00:00,0.025615
2026-04-02,2026-03-23T16:00:00,2028-06-26T00:00:00,0.0256772
2026-04-02,2026-03-23T16:00:00,2028-07-25T00:00:00,0.0257396
2026-04-02,2026-03-23T16:00:00,2028-08-25T00:00:00,0.0258095
2026-04-02,2026-03-23T16:00:00,2028-09-25T00:00:00,0.0258794
2026-04-02,2026-03-23T16:00:00,2028-10-25T00:00:00,0.0259454
2026-04-02,2026-03-23T16:00:00,2028-11-27T00:00:00,0.0260162
2026-04-02,2026-03-23T16:00:00,2028-12-27T00:00:00,0.0260793
2026-04-02,2026-03-23T16:00:00,2029-01-25T00:00:00,0.0261392
2026-04-02,2026-03-23T16:00:00,2029-02-26T00:00:00,0.0262042
2026-04-02,2026-03-23T16:00:00,2029-03-26T00:00:00,0.0262603
2026-04-02,2026-03-23T16:00:00,2029-04-25T00:00:00,0.0263198
2026-04-02,2026-03-23T16:00:00,2029-05-25T00:00:00,0.0263789
2026-04-02,2026-03-23T16:00:00,2029-06-25T00:00:00,0.0264396
2026-04-02,2026-03-23T16:00:00,2029-07-25T00:00:00,0.0264982
2026-04-02,2026-03-23T16:00:00,2029-08-27T00:00:00,0.0265628
2026-04-02,2026-03-23T16:00:00,2029-09-25T00:00:00,0.0266197
2026-04-02,2026-03-23T16:00:00,2029-10-25T00:00:00,0.026679
2026-04-02,2026-03-23T16:00:00,2029-11-26T00:00:00,0.0267429
2026-04-02,2026-03-23T16:00:00,2029-12-27T00:00:00,0.0268055
2026-04-02,2026-03-23T16:00:00,2030-01-25T00:00:00,0.026865
2026-04-02,2026-03-23T16:00:00,2030-02-25T00:00:00,0.0269297
2026-04-02,2026-03-23T16:00:00,2030-03-25T00:00:00,0.0269893
2026-04-02,2026-03-23T16:00:00,2030-04-25T00:00:00,0.0270566
2026-04-02,2026-03-23T16:00:00,2030-05-27T00:00:00,0.0271276
2026-04-02,2026-03-23T16:00:00,2030-06-25T00:00:00,0.0271932
2026-04-02,2026-03-23T16:00:00,2030-07-25T00:00:00,0.0272623
2026-04-02,2026-03-23T16:00:00,2030-08-26T00:00:00,0.0273375
2026-04-02,2026-03-23T16:00:00,2030-09-25T00:00:00,0.0274093
2026-04-02,2026-03-23T16:00:00,2030-10-25T00:00:00,0.0274823
2026-04-02,2026-03-23T16:00:00,2030-11-25T00:00:00,0.0275591
2026-04-02,2026-03-23T16:00:00,2030-12-27T00:00:00,0.0276399
2026-04-02,2026-03-23T16:00:00,2031-01-27T00:00:00,0.0277194
2026-04-02,2026-03-23T16:00:00,2031-02-25T00:00:00,0.027795
2026-04-02,2026-03-23T16:00:00,2031-03-25T00:00:00,0.0278691
2026-04-02,2026-03-23T16:00:00,2031-04-25T00:00:00,0.0279524
2026-04-02,2026-03-23T16:00:00,2031-05-26T00:00:00,0.028037
2026-04-02,2026-03-23T16:00:00,2031-06-25T00:00:00,0.0281201
2026-04-02,2026-03-23T16:00:00,2031-07-25T00:00:00,0.0282043
2026-04-02,2026-03-23T16:00:00,2031-08-25T00:00:00,0.0282927
2026-04-02,2026-03-23T16:00:00,2031-09-25T00:00:00,0.0283823
2026-04-02,2026-03-23T16:00:00,2031-10-27T00:00:00,0.0284761
2026-04-02,2026-03-23T16:00:00,2031-11-25T00:00:00,0.0285623
2026-04-02,2026-03-23T16:00:00,2031-12-29T00:00:00,0.0286647
2026-04-02,2026-03-23T16:00:00,2032-01-26T00:00:00,0.0287501
2026-04-02,2026-03-23T16:00:00,2032-02-25T00:00:00,0.0288427
2026-04-02,2026-03-23T16:00:00,2032-03-25T00:00:00,0.0289334
2026-04-02,2026-03-23T16:00:00,2032-04-26T00:00:00,0.0290345
2026-04-02,2026-03-23T16:00:00,2032-05-25T00:00:00,0.0291272
2026-04-02,2026-03-23T16:00:00,2032-06-25T00:00:00,0.0292273
2026-04-02,2026-03-23T16:00:00,2032-07-26T00:00:00,0.0293283
2026-04-02,2026-03-23T16:00:00,2032-08-25T00:00:00,0.0294269
2026-04-02,2026-03-23T16:00:00,2032-09-27T00:00:00,0.0295361
2026-04-02,2026-03-23T16:00:00,2032-10-25T00:00:00,0.0296294
2026-04-02,2026-03-23T16:00:00,2032-11-25T00:00:00,0.0297333
2026-04-02,2026-03-23T16:00:00,2032-12-27T00:00:00,0.0298411
2026-04-02,2026-03-23T16:00:00,2033-01-25T00:00:00,0.0299392
2026-04-02,2026-03-23T16:00:00,2033-02-25T00:00:00,0.0300445
2026-04-02,2026-03-23T16:00:00,2033-03-25T00:00:00,0.0301398
2026-04-02,2026-03-23T16:00:00,2033-04-25T00:00:00,0.0302455
2026-04-02,2026-03-23T16:00:00,2033-05-25T00:00:00,0.030348
2026-04-02,2026-03-23T16:00:00,2033-06-27T00:00:00,0.0304608
2026-04-02,2026-03-23T16:00:00,2033-07-25T00:00:00,0.0305565
2026-04-02,2026-03-23T16:00:00,2033-08-25T00:00:00,0.0306624
2026-04-02,2026-03-23T16:00:00,2033-09-26T00:00:00,0.0307715
2026-04-02,2026-03-23T16:00:00,2033-10-25T00:00:00,0.0308701
2026-04-02,2026-03-23T16:00:00,2033-11-25T00:00:00,0.0309753
2026-04-02,2026-03-23T16:00:00,2033-12-27T00:00:00,0.0310834
2026-04-02,2026-03-23T16:00:00,2034-01-25T00:00:00,0.0311809
2026-04-02,2026-03-23T16:00:00,2034-02-27T00:00:00,0.0312913
2026-04-02,2026-03-23T16:00:00,2034-03-27T00:00:00,0.0313844
2026-04-02,2026-03-23T16:00:00,2034-04-25T00:00:00,0.0314801
2026-04-02,2026-03-23T16:00:00,2034-05-25T00:00:00,0.0315785
2026-04-02,2026-03-23T16:00:00,2034-06-26T00:00:00,0.0316825
2026-04-02,2026-03-23T16:00:00,2034-07-25T00:00:00,0.0317759
2026-04-02,2026-03-23T16:00:00,2034-08-25T00:00:00,0.0318748
2026-04-02,2026-03-23T16:00:00,2034-09-25T00:00:00,0.0319725
2026-04-02,2026-03-23T16:00:00,2034-10-25T00:00:00,0.032066
2026-04-02,2026-03-23T16:00:00,2034-11-27T00:00:00,0.0321675
2026-04-02,2026-03-23T16:00:00,2034-12-27T00:00:00,0.0322587
2026-04-02,2026-03-23T16:00:00,2035-01-25T00:00:00,0.0323458
2026-04-02,2026-03-23T16:00:00,2035-02-26T00:00:00,0.0324406
2026-04-02,2026-03-23T16:00:00,2035-03-27T00:00:00,0.0325255
2026-04-02,2026-03-23T16:00:00,2035-04-25T00:00:00,0.0326093
2026-04-02,2026-03-23T16:00:00,2035-05-25T00:00:00,0.0326948
2026-04-02,2026-03-23T16:00:00,2035-06-25T00:00:00,0.0327819
2026-04-02,2026-03-23T16:00:00,2035-07-25T00:00:00,0.032865
2026-04-02,2026-03-23T16:00:00,2035-08-27T00:00:00,0.032955
2026-04-02,2026-03-23T16:00:00,2035-09-25T00:00:00,0.0330329
2026-04-02,2026-03-23T16:00:00,2035-10-25T00:00:00,0.0331123
2026-04-02,2026-03-23T16:00:00,2035-11-26T00:00:00,0.0331955
2026-04-02,2026-03-23T16:00:00,2035-12-27T00:00:00,0.0332749
2026-04-02,2026-03-23T16:00:00,2036-01-25T00:00:00,0.0333479
2026-04-02,2026-03-23T16:00:00,2036-02-25T00:00:00,0.0334245
2026-04-02,2026-03-23T16:00:00,2036-03-25T00:00:00,0.033495
2026-04-03,2026-03-23T16:00:00,2026-03-25T00:00:00,0.0194
2026-04-03,2026-03-23T16:00:00,2026-04-27T00:00:00,0.0206465
2026-04-03,2026-03-23T16:00:00,2026-05-25T00:00:00,0.021677
2026-04-03,2026-03-23T16:00:00,2026-06-25T00:00:00,0.0227604
2026-04-03,2026-03-23T16:00:00,2026-07-27T00:00:00,0.0237844
2026-04-03,2026-03-23T16:00:00,2026-08-25T00:00:00,0.0246022
2026-04-03,2026-03-23T16:00:00,2026-09-25T00:00:00,0.0253315
2026-04-03,2026-03-23T16:00:00,2026-10-26T00:00:00,0.0258898
2026-04-03,2026-03-23T16:00:00,2026-11-25T00:00:00,0.0262777
2026-04-03,2026-03-23T16:00:00,2026-12-28T00:00:00,0.0265523
2026-04-03,2026-03-23T16:00:00,2027-01-25T00:00:00,0.0266772
2026-04-03,2026-03-23T16:00:00,2027-02-25T00:00:00,0.0267181
2026-04-03,2026-03-23T16:00:00,2027-03-25T00:00:00,0.0266824
2026-04-03,2026-03-23T16:00:00,2027-04-26T00:00:00,0.0265762
2026-04-03,2026-03-23T16:00:00,2027-05-25T00:00:00,0.0264368
2026-04-03,2026-03-23T16:00:00,2027-06-25T00:00:00,0.0262609
2026-04-03,2026-03-23T16:00:00,2027-07-26T00:00:00,0.0260761
2026-04-03,2026-03-23T16:00:00,2027-08-25T00:00:00,0.025907
2026-04-03,2026-03-23T16:00:00,2027-09-27T00:00:00,0.0257525
2026-04-03,2026-03-23T16:00:00,2027-10-25T00:00:00,0.0256537
2026-04-03,2026-03-23T16:00:00,2027-11-25T00:00:00,0.0255761
2026-04-03,2026-03-23T16:00:00,2027-12-27T00:00:00,0.0255275
2026-04-03,2026-03-23T16:00:00,2028-01-25T00:00:00,0.0255079
2026-04-03,2026-03-23T16:00:00,2028-02-25T00:00:00,0.0255096
2026-04-03,2026-03-23T16:00:00,2028-03-27T00:00:00,0.0255311
2026-04-03,2026-03-23T16:00:00,2028-04-25T00:00:00,0.0255663
2026-04-03,2026-03-23T16:00:00,2028-05-25T00:00:00,0.025615
2026-04-03,2026-03-23T16:00:00,2028-06-26T00:00:00,0.0256772
2026-04-03,2026-03-23T16:00:00,2028-07-25T00:00:00,0.0257396
2026-04-03,2026-03-23T16:00:00,2028-08-25T00:00:00,0.0258095
2026-04-03,2026-03-23T16:00:00,2028-09-25T00:00:00,0.0258794
2026-04-03,2026-03-23T16:00:00,2028-10-25T00:00:00,0.0259454
2026-04-03,2026-03-23T16:00:00,2028-11-27T00:00:00,0.0260162
2026-04-03,2026-03-23T16:00:00,2028-12-27T00:00:00,0.0260793
2026-04-03,2026-03-23T16:00:00,2029-01-25T00:00:00,0.0261392
2026-04-03,2026-03-23T16:00:00,2029-02-26T00:00:00,0.0262042
2026-04-03,2026-03-23T16:00:00,2029-03-26T00:00:00,0.0262603
2026-04-03,2026-03-23T16:00:00,2029-04-25T00:00:00,0.0263198
2026-04-03,2026-03-23T16:00:00,2029-05-25T00:00:00,0.0263789
2026-04-03,2026-03-23T16:00:00,2029-06-25T00:00:00,0.0264396
2026-04-03,2026-03-23T16:00:00,2029-07-25T00:00:00,0.0264982
2026-04-03,2026-03-23T16:00:00,2029-08-27T00:00:00,0.0265628
2026-04-03,2026-03-23T16:00:00,2029-09-25T00:00:00,0.0266197
2026-04-03,2026-03-23T16:00:00,2029-10-25T00:00:00,0.026679
2026-04-03,2026-03-23T16:00:00,2029-11-26T00:00:00,0.0267429
2026-04-03,2026-03-23T16:00:00,2029-12-27T00:00:00,0.0268055
2026-04-03,2026-03-23T16:00:00,2030-01-25T00:00:00,0.026865
2026-04-03,2026-03-23T16:00:00,2030-02-25T00:00:00,0.0269297
2026-04-03,2026-03-23T16:00:00,2030-03-25T00:00:00,0.0269893
2026-04-03,2026-03-23T16:00:00,2030-04-25T00:00:00,0.0270566
2026-04-03,2026-03-23T16:00:00,2030-05-27T00:00:00,0.0271276
2026-04-03,2026-03-23T16:00:00,2030-06-25T00:00:00,0.0271932
2026-04-03,2026-03-23T16:00:00,2030-07-25T00:00:00,0.0272623
2026-04-03,2026-03-23T16:00:00,2030-08-26T00:00:00,0.0273375
2026-04-03,2026-03-23T16:00:00,2030-09-25T00:00:00,0.0274093
2026-04-03,2026-03-23T16:00:00,2030-10-25T00:00:00,0.0274823
2026-04-03,2026-03-23T16:00:00,2030-11-25T00:00:00,0.0275591
2026-04-03,2026-03-23T16:00:00,2030-12-27T00:00:00,0.0276399
2026-04-03,2026-03-23T16:00:00,2031-01-27T00:00:00,0.0277194
2026-04-03,2026-03-23T16:00:00,2031-02-25T00:00:00,0.027795
2026-04-03,2026-03-23T16:00:00,2031-03-25T00:00:00,0.0278691
2026-04-03,2026-03-23T16:00:00,2031-04-25T00:00:00,0.0279524
2026-04-03,2026-03-23T16:00:00,2031-05-26T00:00:00,0.028037
2026-04-03,2026-03-23T16:00:00,2031-06-25T00:00:00,0.0281201
2026-04-03,2026-03-23T16:00:00,2031-07-25T00:00:00,0.0282043
2026-04-03,2026-03-23T16:00:00,2031-08-25T00:00:00,0.0282927
2026-04-03,2026-03-23T16:00:00,2031-09-25T00:00:00,0.0283823
2026-04-03,2026-03-23T16:00:00,2031-10-27T00:00:00,0.0284761
2026-04-03,2026-03-23T16:00:00,2031-11-25T00:00:00,0.0285623
2026-04-03,2026-03-23T16:00:00,2031-12-29T00:00:00,0.0286647
2026-04-03,2026-03-23T16:00:00,2032-01-26T00:00:00,0.0287501
2026-04-03,2026-03-23T16:00:00,2032-02-25T00:00:00,0.0288427
2026-04-03,2026-03-23T16:00:00,2032-03-25T00:00:00,0.0289334
2026-04-03,2026-03-23T16:00:00,2032-04-26T00:00:00,0.0290345
2026-04-03,2026-03-23T16:00:00,2032-05-25T00:00:00,0.0291272
2026-04-03,2026-03-23T16:00:00,2032-06-25T00:00:00,0.0292273
2026-04-03,2026-03-23T16:00:00,2032-07-26T00:00:00,0.0293283
2026-04-03,2026-03-23T16:00:00,2032-08-25T00:00:00,0.0294269
2026-04-03,2026-03-23T16:00:00,2032-09-27T00:00:00,0.0295361
2026-04-03,2026-03-23T16:00:00,2032-10-25T00:00:00,0.0296294
2026-04-03,2026-03-23T16:00:00,2032-11-25T00:00:00,0.0297333
2026-04-03,2026-03-23T16:00:00,2032-12-27T00:00:00,0.0298411
2026-04-03,2026-03-23T16:00:00,2033-01-25T00:00:00,0.0299392
2026-04-03,2026-03-23T16:00:00,2033-02-25T00:00:00,0.0300445
2026-04-03,2026-03-23T16:00:00,2033-03-25T00:00:00,0.0301398
2026-04-03,2026-03-23T16:00:00,2033-04-25T00:00:00,0.0302455
2026-04-03,2026-03-23T16:00:00,2033-05-25T00:00:00,0.030348
2026-04-03,2026-03-23T16:00:00,2033-06-27T00:00:00,0.0304608
2026-04-03,2026-03-23T16:00:00,2033-07-25T00:00:00,0.0305565
2026-04-03,2026-03-23T16:00:00,2033-08-25T00:00:00,0.0306624
2026-04-03,2026-03-23T16:00:00,2033-09-26T00:00:00,0.0307715
2026-04-03,2026-03-23T16:00:00,2033-10-25T00:00:00,0.0308701
2026-04-03,2026-03-23T16:00:00,2033-11-25T00:00:00,0.0309753
2026-04-03,2026-03-23T16:00:00,2033-12-27T00:00:00,0.0310834
2026-04-03,2026-03-23T16:00:00,2034-01-25T00:00:00,0.0311809
2026-04-03,2026-03-23T16:00:00,2034-02-27T00:00:00,0.0312913
2026-04-03,2026-03-23T16:00:00,2034-03-27T00:00:00,0.0313844
2026-04-03,2026-03-23T16:00:00,2034-04-25T00:00:00,0.0314801
2026-04-03,2026-03-23T16:00:00,2034-05-25T00:00:00,0.0315785
2026-04-03,2026-03-23T16:00:00,2034-06-26T00:00:00,0.0316825
2026-04-03,2026-03-23T16:00:00,2034-07-25T00:00:00,0.0317759
2026-04-03,2026-03-23T16:00:00,2034-08-25T00:00:00,0.0318748
2026-04-03,2026-03-23T16:00:00,2034-09-25T00:00:00,0.0319725
2026-04-03,2026-03-23T16:00:00,2034-10-25T00:00:00,0.032066
2026-04-03,2026-03-23T16:00:00,2034-11-27T00:00:00,0.0321675
2026-04-03,2026-03-23T16:00:00,2034-12-27T00:00:00,0.0322587
2026-04-03,2026-03-23T16:00:00,2035-01-25T00:00:00,0.0323458
2026-04-03,2026-03-23T16:00:00,2035-02-26T00:00:00,0.0324406
2026-04-03,2026-03-23T16:00:00,2035-03-27T00:00:00,0.0325255
2026-04-03,2026-03-23T16:00:00,2035-04-25T00:00:00,0.0326093
2026-04-03,2026-03-23T16:00:00,2035-05-25T00:00:00,0.0326948
2026-04-03,2026-03-23T16:00:00,2035-06-25T00:00:00,0.0327819
2026-04-03,2026-03-23T16:00:00,2035-07-25T00:00:00,0.032865
2026-04-03,2026-03-23T16:00:00,2035-08-27T00:00:00,0.032955
2026-04-03,2026-03-23T16:00:00,2035-09-25T00:00:00,0.0330329
2026-04-03,2026-03-23T16:00:00,2035-10-25T00:00:00,0.0331123
2026-04-03,2026-03-23T16:00:00,2035-11-26T00:00:00,0.0331955
2026-04-03,2026-03-23T16:00:00,2035-12-27T00:00:00,0.0332749
2026-04-03,2026-03-23T16:00:00,2036-01-25T00:00:00,0.0333479
2026-04-03,2026-03-23T16:00:00,2036-02-25T00:00:00,0.0334245
2026-04-03,2026-03-23T16:00:00,2036-03-25T00:00:00,0.033495
2026-04-06,2026-03-30T16:00:00,2026-04-01T00:00:00,0.01878
2026-04-06,2026-03-30T16:00:00,2026-05-04T00:00:00,0.0202574
2026-04-06,2026-03-30T16:00:00,2026-06-01T00:00:00,0.0214797
2026-04-06,2026-03-30T16:00:00,2026-07-01T00:00:00,0.0227264
2026-04-06,2026-03-30T16:00:00,2026-08-03T00:00:00,0.0239857
2026-04-06,2026-03-30T16:00:00,2026-09-01T00:00:00,0.0249632
2026-04-06,2026-03-30T16:00:00,2026-10-01T00:00:00,0.0258155
2026-04-06,2026-03-30T16:00:00,2026-11-02T00:00:00,0.0265215
2026-04-06,2026-03-30T16:00:00,2026-12-01T00:00:00,0.0269913
2026-04-06,2026-03-30T16:00:00,2027-01-04T00:00:00,0.0273606
2026-04-06,2026-03-30T16:00:00,2027-02-01T00:00:00,0.0275365
2026-04-06,2026-03-30T16:00:00,2027-03-01T00:00:00,0.0276134
2026-04-06,2026-03-30T16:00:00,2027-04-01T00:00:00,0.027602
2026-04-06,2026-03-30T16:00:00,2027-05-03T00:00:00,0.0275058
2026-04-06,2026-03-30T16:00:00,2027-06-01T00:00:00,0.0273639
2026-04-06,2026-03-30T16:00:00,2027-07-01T00:00:00,0.0271816
2026-04-06,2026-03-30T16:00:00,2027-08-02T00:00:00,0.0269689
2026-04-06,2026-03-30T16:00:00,2027-09-01T00:00:00,0.0267728
2026-04-06,2026-03-30T16:00:00,2027-10-01T00:00:00,0.0265992
2026-04-06,2026-03-30T16:00:00,2027-11-01T00:00:00,0.0264524
2026-04-06,2026-03-30T16:00:00,2027-12-01T00:00:00,0.0263398
2026-04-06,2026-03-30T16:00:00,2028-01-03T00:00:00,0.0262466
2026-04-06,2026-03-30T16:00:00,2028-02-01T00:00:00,0.0261887
2026-04-06,2026-03-30T16:00:00,2028-03-01T00:00:00,0.026151
2026-04-06,2026-03-30T16:00:00,2028-04-03T00:00:00,0.02613
2026-04-06,2026-03-30T16:00:00,2028-05-02T00:00:00,0.0261284
2026-04-06,2026-03-30T16:00:00,2028-06-01T00:00:00,0.0261409
2026-04-06,2026-03-30T16:00:00,2028-07-03T00:00:00,0.0261675
2026-04-06,2026-03-30T16:00:00,2028-08-01T00:00:00,0.0262009
2026-04-06,2026-03-30T16:00:00,2028-09-01T00:00:00,0.0262441
2026-04-06,2026-03-30T16:00:00,2028-10-02T00:00:00,0.0262923
2026-04-06,2026-03-30T16:00:00,2028-11-01T00:00:00,0.0263426
2026-04-06,2026-03-30T16:00:00,2028-12-01T00:00:00,0.0263961
2026-04-06,2026-03-30T16:00:00,2029-01-02T00:00:00,0.0264566
2026-04-06,2026-03-30T16:00:00,2029-02-01T00:00:00,0.0265163
2026-04-06,2026-03-30T16:00:00,2029-03-01T00:00:00,0.0265746
2026-04-06,2026-03-30T16:00:00,2029-04-03T00:00:00,0.0266461
2026-04-06,2026-03-30T16:00:00,2029-05-02T00:00:00,0.0267114
2026-04-06,2026-03-30T16:00:00,2029-06-01T00:00:00,0.0267812
2026-04-06,2026-03-30T16:00:00,2029-07-02T00:00:00,0.0268555
2026-04-06,2026-03-30T16:00:00,2029-08-01T00:00:00,0.0269294
2026-04-06,2026-03-30T16:00:00,2029-09-03T00:00:00,0.0270126
2026-04-06,2026-03-30T16:00:00,2029-10-01T00:00:00,0.0270847
2026-04-06,2026-03-30T16:00:00,2029-11-01T00:00:00,0.027166
2026-04-06,2026-03-30T16:00:00,2029-12-03T00:00:00,0.0272513
2026-04-06,2026-03-30T16:00:00,2030-01-02T00:00:00,0.0273323
2026-04-06,2026-03-30T16:00:00,2030-02-01T00:00:00,0.0274142
2026-04-06,2026-03-30T16:00:00,2030-03-01T00:00:00,0.0274913
2026-04-06,2026-03-30T16:00:00,2030-04-01T00:00:00,0.0275772
2026-04-06,2026-03-30T16:00:00,2030-05-02T00:00:00,0.0276636
2026-04-06,2026-03-30T16:00:00,2030-06-03T00:00:00,0.0277534
2026-04-06,2026-03-30T16:00:00,2030-07-01T00:00:00,0.0278323
2026-04-06,2026-03-30T16:00:00,2030-08-01T00:00:00,0.0279202
2026-04-06,2026-03-30T16:00:00,2030-09-02T00:00:00,0.0280114
2026-04-06,2026-03-30T16:00:00,2030-10-01T00:00:00,0.0280945
2026-04-06,2026-03-30T16:00:00,2030-11-01T00:00:00,0.0281838
2026-04-06,2026-03-30T16:00:00,2030-12-02T00:00:00,0.0282736
2026-04-06,2026-03-30T16:00:00,2031-01-02T00:00:00,0.0283639
2026-04-06,2026-03-30T16:00:00,2031-02-03T00:00:00,0.0284576
2026-04-06,2026-03-30T16:00:00,2031-03-03T00:00:00,0.02854
2026-04-06,2026-03-30T16:00:00,2031-04-01T00:00:00,0.0286257
2026-04-06,2026-03-30T16:00:00,2031-05-02T00:00:00,0.0287179
2026-04-06,2026-03-30T16:00:00,2031-06-02T00:00:00,0.0288105
2026-04-06,2026-03-30T16:00:00,2031-07-01T00:00:00,0.0288976
2026-04-06,2026-03-30T16:00:00,2031-08-01T00:00:00,0.0289911
2026-04-06,2026-03-30T16:00:00,2031-09-01T00:00:00,0.0290851
2026-04-06,2026-03-30T16:00:00,2031-10-01T00:00:00,0.0291765
2026-04-06,2026-03-30T16:00:00,2031-11-03T00:00:00,0.0292776
2026-04-06,2026-03-30T16:00:00,2031-12-01T00:00:00,0.0293638
2026-04-06,2026-03-30T16:00:00,2032-01-02T00:00:00,0.0294627
2026-04-06,2026-03-30T16:00:00,2032-02-02T00:00:00,0.0295591
2026-04-06,2026-03-30T16:00:00,2032-03-01T00:00:00,0.0296465
2026-04-06,2026-03-30T16:00:00,2032-04-01T00:00:00,0.0297437
2026-04-06,2026-03-30T16:00:00,2032-05-03T00:00:00,0.0298445
2026-04-06,2026-03-30T16:00:00,2032-06-01T00:00:00,0.0299363
2026-04-06,2026-03-30T16:00:00,2032-07-01T00:00:00,0.0300315
2026-04-06,2026-03-30T16:00:00,2032-08-02T00:00:00,0.0301334
2026-04-06,2026-03-30T16:00:00,2032-09-01T00:00:00,0.0302292
2026-04-06,2026-03-30T16:00:00,2032-10-01T00:00:00,0.0303252
2026-04-06,2026-03-30T16:00:00,2032-11-01T00:00:00,0.0304247
2026-04-06,2026-03-30T16:00:00,2032-12-01T00:00:00,0.030521
2026-04-06,2026-03-30T16:00:00,2033-01-03T00:00:00,0.0306271
2026-04-06,2026-03-30T16:00:00,2033-02-01T00:00:00,0.0307205
2026-04-06,2026-03-30T16:00:00,2033-03-01T00:00:00,0.0308106
2026-04-06,2026-03-30T16:00:00,2033-04-01T00:00:00,0.0309103
2026-04-06,2026-03-30T16:00:00,2033-05-02T00:00:00,0.03101
2026-04-06,2026-03-30T16:00:00,2033-06-01T00:00:00,0.0311065
2026-04-06,2026-03-30T16:00:00,2033-07-01T00:00:00,0.0312027
2026-04-06,2026-03-30T16:00:00,2033-08-01T00:00:00,0.031302
2026-04-06,2026-03-30T16:00:00,2033-09-01T00:00:00,0.0314011
2026-04-06,2026-03-30T16:00:00,2033-10-03T00:00:00,0.0315031
2026-04-06,2026-03-30T16:00:00,2033-11-01T00:00:00,0.0315953
2026-04-06,2026-03-30T16:00:00,2033-12-01T00:00:00,0.0316904
2026-04-06,2026-03-30T16:00:00,2034-01-02T00:00:00,0.0317913
2026-04-06,2026-03-30T16:00:00,2034-02-01T00:00:00,0.0318856
2026-04-06,2026-03-30T16:00:00,2034-03-01T00:00:00,0.0319731
2026-04-06,2026-03-30T16:00:00,2034-04-03T00:00:00,0.0320758
2026-04-06,2026-03-30T16:00:00,2034-05-02T00:00:00,0.0321655
2026-04-06,2026-03-30T16:00:00,2034-06-01T00:00:00,0.0322578
2026-04-06,2026-03-30T16:00:00,2034-07-03T00:00:00,0.0323556
2026-04-06,2026-03-30T16:00:00,2034-08-01T00:00:00,0.0324435
2026-04-06,2026-03-30T16:00:00,2034-09-01T00:00:00,0.0325369
2026-04-06,2026-03-30T16:00:00,2034-10-02T00:00:00,0.0326295
2026-04-06,2026-03-30T16:00:00,2034-11-01T00:00:00,0.0327183
2026-04-06,2026-03-30T16:00:00,2034-12-01T00:00:00,0.0328064
2026-04-06,2026-03-30T16:00:00,2035-01-02T00:00:00,0.0328996
2026-04-06,2026-03-30T16:00:00,2035-02-01T00:00:00,0.032986
2026-04-06,2026-03-30T16:00:00,2035-03-01T00:00:00,0.033066
2026-04-06,2026-03-30T16:00:00,2035-04-02T00:00:00,0.0331566
2026-04-06,2026-03-30T16:00:00,2035-05-02T00:00:00,0.0332406
2026-04-06,2026-03-30T16:00:00,2035-06-01T00:00:00,0.0333237
2026-04-06,2026-03-30T16:00:00,2035-07-02T00:00:00,0.0334087
2026-04-06,2026-03-30T16:00:00,2035-08-01T00:00:00,0.0334901
2026-04-06,2026-03-30T16:00:00,2035-09-03T00:00:00,0.0335785
2026-04-06,2026-03-30T16:00:00,2035-10-01T00:00:00,0.0336526
2026-04-06,2026-03-30T16:00:00,2035-11-01T00:00:00,0.0337337
2026-04-06,2026-03-30T16:00:00,2035-12-03T00:00:00,0.0338164
2026-04-06,2026-03-30T16:00:00,2036-01-02T00:00:00,0.0338928
2026-04-06,2026-03-30T16:00:00,2036-02-01T00:00:00,0.0339683
2026-04-06,2026-03-30T16:00:00,2036-03-03T00:00:00,0.0340452
2026-04-06,2026-03-30T16:00:00,2036-04-01T00:00:00,0.0341161
