snapshot_date,curve_date,forward_date,rate
2026-03-17,2026-03-09T16:00:00,2026-03-11T00:00:00,0.02178
2026-03-17,2026-03-09T16:00:00,2026-04-13T00:00:00,0.0223952
2026-03-17,2026-03-09T16:00:00,2026-05-11T00:00:00,0.0229044
2026-03-17,2026-03-09T16:00:00,2026-06-11T00:00:00,0.0234412
2026-03-17,2026-03-09T16:00:00,2026-07-13T00:00:00,0.0239508
2026-03-17,2026-03-09T16:00:00,2026-08-11T00:00:00,0.0243608
2026-03-17,2026-03-09T16:00:00,2026-09-11T00:00:00,0.0247309
2026-03-17,2026-03-09T16:00:00,2026-10-12T00:00:00,0.0250207
2026-03-17,2026-03-09T16:00:00,2026-11-11T00:00:00,0.0252312
2026-03-17,2026-03-09T16:00:00,2026-12-11T00:00:00,0.0253829
2026-03-17,2026-03-09T16:00:00,2027-01-11T00:00:00,0.0254882
2026-03-17,2026-03-09T16:00:00,2027-02-11T00:00:00,0.0255521
2026-03-17,2026-03-09T16:00:00,2027-03-11T00:00:00,0.0255834
2026-03-17,2026-03-09T16:00:00,2027-04-12T00:00:00,0.025599
2026-03-17,2026-03-09T16:00:00,2027-05-11T00:00:00,0.0256043
2026-03-17,2026-03-09T16:00:00,2027-06-11T00:00:00,0.025611
2026-03-17,2026-03-09T16:00:00,2027-07-12T00:00:00,0.0256278
2026-03-17,2026-03-09T16:00:00,2027-08-11T00:00:00,0.0256545
2026-03-17,2026-03-09T16:00:00,2027-09-13T00:00:00,0.0256945
2026-03-17,2026-03-09T16:00:00,2027-10-11T00:00:00,0.0257361
2026-03-17,2026-03-09T16:00:00,2027-11-11T00:00:00,0.0257894
2026-03-17,2026-03-09T16:00:00,2027-12-13T00:00:00,0.0258511
2026-03-17,2026-03-09T16:00:00,2028-01-11T00:00:00,0.0259117
2026-03-17,2026-03-09T16:00:00,2028-02-11T00:00:00,0.0259804
2026-03-17,2026-03-09T16:00:00,2028-03-13T00:00:00,0.026052
2026-03-17,2026-03-09T16:00:00,2028-04-11T00:00:00,0.0261205
2026-03-17,2026-03-09T16:00:00,2028-05-11T00:00:00,0.0261919
2026-03-17,2026-03-09T16:00:00,2028-06-12T00:00:00,0.0262673
2026-03-17,2026-03-09T16:00:00,2028-07-11T00:00:00,0.0263343
2026-03-17,2026-03-09T16:00:00,2028-08-11T00:00:00,0.0264044
2026-03-17,2026-03-09T16:00:00,2028-09-11T00:00:00,0.026473
2026-03-17,2026-03-09T16:00:00,2028-10-11T00:00:00,0.0265383
2026-03-17,2026-03-09T16:00:00,2028-11-13T00:00:00,0.026609
2026-03-17,2026-03-09T16:00:00,2028-12-11T00:00:00,0.0266683
2026-03-17,2026-03-09T16:00:00,2029-01-11T00:00:00,0.0267335
2026-03-17,2026-03-09T16:00:00,2029-02-12T00:00:00,0.0268003
2026-03-17,2026-03-09T16:00:00,2029-03-12T00:00:00,0.0268587
2026-03-17,2026-03-09T16:00:00,2029-04-11T00:00:00,0.0269212
2026-03-17,2026-03-09T16:00:00,2029-05-11T00:00:00,0.026984
2026-03-17,2026-03-09T16:00:00,2029-06-11T00:00:00,0.0270493
2026-03-17,2026-03-09T16:00:00,2029-07-11T00:00:00,0.027113
2026-03-17,2026-03-09T16:00:00,2029-08-13T00:00:00,0.0271841
2026-03-17,2026-03-09T16:00:00,2029-09-11T00:00:00,0.0272476
2026-03-17,2026-03-09T16:00:00,2029-10-11T00:00:00,0.0273143
2026-03-17,2026-03-09T16:00:00,2029-11-12T00:00:00,0.0273871
2026-03-17,2026-03-09T16:00:00,2029-12-11T00:00:00,0.0274546
2026-03-17,2026-03-09T16:00:00,2030-01-11T00:00:00,0.0275285
2026-03-17,2026-03-09T16:00:00,2030-02-11T00:00:00,0.0276041
2026-03-17,2026-03-09T16:00:00,2030-03-11T00:00:00,0.0276739
2026-03-17,2026-03-09T16:00:00,2030-04-11T00:00:00,0.0277526
2026-03-17,2026-03-09T16:00:00,2030-05-13T00:00:00,0.0278355
2026-03-17,2026-03-09T16:00:00,2030-06-11T00:00:00,0.0279118
2026-03-17,2026-03-09T16:00:00,2030-07-11T00:00:00,0.027992
2026-03-17,2026-03-09T16:00:00,2030-08-12T00:00:00,0.0280788
2026-03-17,2026-03-09T16:00:00,2030-09-11T00:00:00,0.0281613
2026-03-17,2026-03-09T16:00:00,2030-10-11T00:00:00,0.0282447
2026-03-17,2026-03-09T16:00:00,2030-11-11T00:00:00,0.0283318
2026-03-17,2026-03-09T16:00:00,2030-12-11T00:00:00,0.0284169
2026-03-17,2026-03-09T16:00:00,2031-01-13T00:00:00,0.0285113
2026-03-17,2026-03-09T16:00:00,2031-02-11T00:00:00,0.0285949
2026-03-17,2026-03-09T16:00:00,2031-03-11T00:00:00,0.0286761
2026-03-17,2026-03-09T16:00:00,2031-04-15T00:00:00,0.0287781
2026-03-17,2026-03-09T16:00:00,2031-05-12T00:00:00,0.0288571
2026-03-17,2026-03-09T16:00:00,2031-06-11T00:00:00,0.0289451
2026-03-17,2026-03-09T16:00:00,2031-07-11T00:00:00,0.0290333
2026-03-17,2026-03-09T16:00:00,2031-08-11T00:00:00,0.0291246
2026-03-17,2026-03-09T16:00:00,2031-09-11T00:00:00,0.0292159
2026-03-17,2026-03-09T16:00:00,2031-10-13T00:00:00,0.02931
2026-03-17,2026-03-09T16:00:00,2031-11-11T00:00:00,0.0293951
2026-03-17,2026-03-09T16:00:00,2031-12-11T00:00:00,0.029483
2026-03-17,2026-03-09T16:00:00,2032-01-12T00:00:00,0.0295763
2026-03-17,2026-03-09T16:00:00,2032-02-11T00:00:00,0.0296634
2026-03-17,2026-03-09T16:00:00,2032-03-11T00:00:00,0.0297473
2026-03-17,2026-03-09T16:00:00,2032-04-12T00:00:00,0.0298394
2026-03-17,2026-03-09T16:00:00,2032-05-11T00:00:00,0.0299225
2026-03-17,2026-03-09T16:00:00,2032-06-11T00:00:00,0.030011
2026-03-17,2026-03-09T16:00:00,2032-07-12T00:00:00,0.030099
2026-03-17,2026-03-09T16:00:00,2032-08-11T00:00:00,0.0301838
2026-03-17,2026-03-09T16:00:00,2032-09-13T00:00:00,0.0302766
2026-03-17,2026-03-09T16:00:00,2032-10-11T00:00:00,0.0303549
2026-03-17,2026-03-09T16:00:00,2032-11-11T00:00:00,0.0304411
2026-03-17,2026-03-09T16:00:00,2032-12-13T00:00:00,0.0305296
2026-03-17,2026-03-09T16:00:00,2033-01-11T00:00:00,0.0306094
2026-03-17,2026-03-09T16:00:00,2033-02-11T00:00:00,0.0306941
2026-03-17,2026-03-09T16:00:00,2033-03-11T00:00:00,0.0307703
2026-03-17,2026-03-09T16:00:00,2033-04-11T00:00:00,0.030854
2026-03-17,2026-03-09T16:00:00,2033-05-11T00:00:00,0.0309346
2026-03-17,2026-03-09T16:00:00,2033-06-13T00:00:00,0.0310226
2026-03-17,2026-03-09T16:00:00,2033-07-11T00:00:00,0.0310968
2026-03-17,2026-03-09T16:00:00,2033-08-11T00:00:00,0.0311784
2026-03-17,2026-03-09T16:00:00,2033-09-12T00:00:00,0.031262
2026-03-17,2026-03-09T16:00:00,2033-10-11T00:00:00,0.0313372
2026-03-17,2026-03-09T16:00:00,2033-11-11T00:00:00,0.031417
2026-03-17,2026-03-09T16:00:00,2033-12-12T00:00:00,0.0314962
2026-03-17,2026-03-09T16:00:00,2034-01-11T00:00:00,0.0315723
2026-03-17,2026-03-09T16:00:00,2034-02-13T00:00:00,0.0316552
2026-03-17,2026-03-09T16:00:00,2034-03-13T00:00:00,0.0317251
2026-03-17,2026-03-09T16:00:00,2034-04-11T00:00:00,0.0317968
2026-03-17,2026-03-09T16:00:00,2034-05-11T00:00:00,0.0318704
2026-03-17,2026-03-09T16:00:00,2034-06-12T00:00:00,0.0319482
2026-03-17,2026-03-09T16:00:00,2034-07-11T00:00:00,0.0320181
2026-03-17,2026-03-09T16:00:00,2034-08-11T00:00:00,0.032092
2026-03-17,2026-03-09T16:00:00,2034-09-11T00:00:00,0.0321652
2026-03-17,2026-03-09T16:00:00,2034-10-11T00:00:00,0.0322352
2026-03-17,2026-03-09T16:00:00,2034-11-13T00:00:00,0.0323113
2026-03-17,2026-03-09T16:00:00,2034-12-11T00:00:00,0.032375
2026-03-17,2026-03-09T16:00:00,2035-01-11T00:00:00,0.0324446
2026-03-17,2026-03-09T16:00:00,2035-02-12T00:00:00,0.0325154
2026-03-17,2026-03-09T16:00:00,2035-03-12T00:00:00,0.0325764
2026-03-17,2026-03-09T16:00:00,2035-04-11T00:00:00,0.0326407
2026-03-17,2026-03-09T16:00:00,2035-05-11T00:00:00,0.032704
2026-03-17,2026-03-09T16:00:00,2035-06-11T00:00:00,0.0327681
2026-03-17,2026-03-09T16:00:00,2035-07-11T00:00:00,0.032829
2026-03-17,2026-03-09T16:00:00,2035-08-13T00:00:00,0.0328945
2026-03-17,2026-03-09T16:00:00,2035-09-11T00:00:00,0.0329509
2026-03-17,2026-03-09T16:00:00,2035-10-11T00:00:00,0.0330078
2026-03-17,2026-03-09T16:00:00,2035-11-12T00:00:00,0.0330671
2026-03-17,2026-03-09T16:00:00,2035-12-11T00:00:00,0.0331194
2026-03-17,2026-03-09T16:00:00,2036-01-11T00:00:00,0.0331739
2026-03-17,2026-03-09T16:00:00,2036-02-11T00:00:00,0.0332267
2026-03-17,2026-03-09T16:00:00,2036-03-11T00:00:00,0.0332747
2026-03-17,2026-03-09T16:00:00,2026-03-11T00:00:00,0.02178
2026-03-17,2026-03-09T16:00:00,2026-04-13T00:00:00,0.0223952
2026-03-17,2026-03-09T16:00:00,2026-05-11T00:00:00,0.0229044
2026-03-17,2026-03-09T16:00:00,2026-06-11T00:00:00,0.0234412
2026-03-17,2026-03-09T16:00:00,2026-07-13T00:00:00,0.0239508
2026-03-17,2026-03-09T16:00:00,2026-08-11T00:00:00,0.0243608
2026-03-17,2026-03-09T16:00:00,2026-09-11T00:00:00,0.0247309
2026-03-17,2026-03-09T16:00:00,2026-10-12T00:00:00,0.0250207
2026-03-17,2026-03-09T16:00:00,2026-11-11T00:00:00,0.0252312
2026-03-17,2026-03-09T16:00:00,2026-12-11T00:00:00,0.0253829
2026-03-17,2026-03-09T16:00:00,2027-01-11T00:00:00,0.0254882
2026-03-17,2026-03-09T16:00:00,2027-02-11T00:00:00,0.0255521
2026-03-17,2026-03-09T16:00:00,2027-03-11T00:00:00,0.0255834
2026-03-17,2026-03-09T16:00:00,2027-04-12T00:00:00,0.025599
2026-03-17,2026-03-09T16:00:00,2027-05-11T00:00:00,0.0256043
2026-03-17,2026-03-09T16:00:00,2027-06-11T00:00:00,0.025611
2026-03-17,2026-03-09T16:00:00,2027-07-12T00:00:00,0.0256278
2026-03-17,2026-03-09T16:00:00,2027-08-11T00:00:00,0.0256545
2026-03-17,2026-03-09T16:00:00,2027-09-13T00:00:00,0.0256945
2026-03-17,2026-03-09T16:00:00,2027-10-11T00:00:00,0.0257361
2026-03-17,2026-03-09T16:00:00,2027-11-11T00:00:00,0.0257894
2026-03-17,2026-03-09T16:00:00,2027-12-13T00:00:00,0.0258511
2026-03-17,2026-03-09T16:00:00,2028-01-11T00:00:00,0.0259117
2026-03-17,2026-03-09T16:00:00,2028-02-11T00:00:00,0.0259804
2026-03-17,2026-03-09T16:00:00,2028-03-13T00:00:00,0.026052
2026-03-17,2026-03-09T16:00:00,2028-04-11T00:00:00,0.0261205
2026-03-17,2026-03-09T16:00:00,2028-05-11T00:00:00,0.0261919
2026-03-17,2026-03-09T16:00:00,2028-06-12T00:00:00,0.0262673
2026-03-17,2026-03-09T16:00:00,2028-07-11T00:00:00,0.0263343
2026-03-17,2026-03-09T16:00:00,2028-08-11T00:00:00,0.0264044
2026-03-17,2026-03-09T16:00:00,2028-09-11T00:00:00,0.026473
2026-03-17,2026-03-09T16:00:00,2028-10-11T00:00:00,0.0265383
2026-03-17,2026-03-09T16:00:00,2028-11-13T00:00:00,0.026609
2026-03-17,2026-03-09T16:00:00,2028-12-11T00:00:00,0.0266683
2026-03-17,2026-03-09T16:00:00,2029-01-11T00:00:00,0.0267335
2026-03-17,2026-03-09T16:00:00,2029-02-12T00:00:00,0.0268003
2026-03-17,2026-03-09T16:00:00,2029-03-12T00:00:00,0.0268587
2026-03-17,2026-03-09T16:00:00,2029-04-11T00:00:00,0.0269212
2026-03-17,2026-03-09T16:00:00,2029-05-11T00:00:00,0.026984
2026-03-17,2026-03-09T16:00:00,2029-06-11T00:00:00,0.0270493
2026-03-17,2026-03-09T16:00:00,2029-07-11T00:00:00,0.027113
2026-03-17,2026-03-09T16:00:00,2029-08-13T00:00:00,0.0271841
2026-03-17,2026-03-09T16:00:00,2029-09-11T00:00:00,0.0272476
2026-03-17,2026-03-09T16:00:00,2029-10-11T00:00:00,0.0273143
2026-03-17,2026-03-09T16:00:00,2029-11-12T00:00:00,0.0273871
2026-03-17,2026-03-09T16:00:00,2029-12-11T00:00:00,0.0274546
2026-03-17,2026-03-09T16:00:00,2030-01-11T00:00:00,0.0275285
2026-03-17,2026-03-09T16:00:00,2030-02-11T00:00:00,0.0276041
2026-03-17,2026-03-09T16:00:00,2030-03-11T00:00:00,0.0276739
2026-03-17,2026-03-09T16:00:00,2030-04-11T00:00:00,0.0277526
2026-03-17,2026-03-09T16:00:00,2030-05-13T00:00:00,0.0278355
2026-03-17,2026-03-09T16:00:00,2030-06-11T00:00:00,0.0279118
2026-03-17,2026-03-09T16:00:00,2030-07-11T00:00:00,0.027992
2026-03-17,2026-03-09T16:00:00,2030-08-12T00:00:00,0.0280788
2026-03-17,2026-03-09T16:00:00,2030-09-11T00:00:00,0.0281613
2026-03-17,2026-03-09T16:00:00,2030-10-11T00:00:00,0.0282447
2026-03-17,2026-03-09T16:00:00,2030-11-11T00:00:00,0.0283318
2026-03-17,2026-03-09T16:00:00,2030-12-11T00:00:00,0.0284169
2026-03-17,2026-03-09T16:00:00,2031-01-13T00:00:00,0.0285113
2026-03-17,2026-03-09T16:00:00,2031-02-11T00:00:00,0.0285949
2026-03-17,2026-03-09T16:00:00,2031-03-11T00:00:00,0.0286761
2026-03-17,2026-03-09T16:00:00,2031-04-15T00:00:00,0.0287781
2026-03-17,2026-03-09T16:00:00,2031-05-12T00:00:00,0.0288571
2026-03-17,2026-03-09T16:00:00,2031-06-11T00:00:00,0.0289451
2026-03-17,2026-03-09T16:00:00,2031-07-11T00:00:00,0.0290333
2026-03-17,2026-03-09T16:00:00,2031-08-11T00:00:00,0.0291246
2026-03-17,2026-03-09T16:00:00,2031-09-11T00:00:00,0.0292159
2026-03-17,2026-03-09T16:00:00,2031-10-13T00:00:00,0.02931
2026-03-17,2026-03-09T16:00:00,2031-11-11T00:00:00,0.0293951
2026-03-17,2026-03-09T16:00:00,2031-12-11T00:00:00,0.029483
2026-03-17,2026-03-09T16:00:00,2032-01-12T00:00:00,0.0295763
2026-03-17,2026-03-09T16:00:00,2032-02-11T00:00:00,0.0296634
2026-03-17,2026-03-09T16:00:00,2032-03-11T00:00:00,0.0297473
2026-03-17,2026-03-09T16:00:00,2032-04-12T00:00:00,0.0298394
2026-03-17,2026-03-09T16:00:00,2032-05-11T00:00:00,0.0299225
2026-03-17,2026-03-09T16:00:00,2032-06-11T00:00:00,0.030011
2026-03-17,2026-03-09T16:00:00,2032-07-12T00:00:00,0.030099
2026-03-17,2026-03-09T16:00:00,2032-08-11T00:00:00,0.0301838
2026-03-17,2026-03-09T16:00:00,2032-09-13T00:00:00,0.0302766
2026-03-17,2026-03-09T16:00:00,2032-10-11T00:00:00,0.0303549
2026-03-17,2026-03-09T16:00:00,2032-11-11T00:00:00,0.0304411
2026-03-17,2026-03-09T16:00:00,2032-12-13T00:00:00,0.0305296
2026-03-17,2026-03-09T16:00:00,2033-01-11T00:00:00,0.0306094
2026-03-17,2026-03-09T16:00:00,2033-02-11T00:00:00,0.0306941
2026-03-17,2026-03-09T16:00:00,2033-03-11T00:00:00,0.0307703
2026-03-17,2026-03-09T16:00:00,2033-04-11T00:00:00,0.030854
2026-03-17,2026-03-09T16:00:00,2033-05-11T00:00:00,0.0309346
2026-03-17,2026-03-09T16:00:00,2033-06-13T00:00:00,0.0310226
2026-03-17,2026-03-09T16:00:00,2033-07-11T00:00:00,0.0310968
2026-03-17,2026-03-09T16:00:00,2033-08-11T00:00:00,0.0311784
2026-03-17,2026-03-09T16:00:00,2033-09-12T00:00:00,0.031262
2026-03-17,2026-03-09T16:00:00,2033-10-11T00:00:00,0.0313372
2026-03-17,2026-03-09T16:00:00,2033-11-11T00:00:00,0.031417
2026-03-17,2026-03-09T16:00:00,2033-12-12T00:00:00,0.0314962
2026-03-17,2026-03-09T16:00:00,2034-01-11T00:00:00,0.0315723
2026-03-17,2026-03-09T16:00:00,2034-02-13T00:00:00,0.0316552
2026-03-17,2026-03-09T16:00:00,2034-03-13T00:00:00,0.0317251
2026-03-17,2026-03-09T16:00:00,2034-04-11T00:00:00,0.0317968
2026-03-17,2026-03-09T16:00:00,2034-05-11T00:00:00,0.0318704
2026-03-17,2026-03-09T16:00:00,2034-06-12T00:00:00,0.0319482
2026-03-17,2026-03-09T16:00:00,2034-07-11T00:00:00,0.0320181
2026-03-17,2026-03-09T16:00:00,2034-08-11T00:00:00,0.032092
2026-03-17,2026-03-09T16:00:00,2034-09-11T00:00:00,0.0321652
2026-03-17,2026-03-09T16:00:00,2034-10-11T00:00:00,0.0322352
2026-03-17,2026-03-09T16:00:00,2034-11-13T00:00:00,0.0323113
2026-03-17,2026-03-09T16:00:00,2034-12-11T00:00:00,0.032375
2026-03-17,2026-03-09T16:00:00,2035-01-11T00:00:00,0.0324446
2026-03-17,2026-03-09T16:00:00,2035-02-12T00:00:00,0.0325154
2026-03-17,2026-03-09T16:00:00,2035-03-12T00:00:00,0.0325764
2026-03-17,2026-03-09T16:00:00,2035-04-11T00:00:00,0.0326407
2026-03-17,2026-03-09T16:00:00,2035-05-11T00:00:00,0.032704
2026-03-17,2026-03-09T16:00:00,2035-06-11T00:00:00,0.0327681
2026-03-17,2026-03-09T16:00:00,2035-07-11T00:00:00,0.032829
2026-03-17,2026-03-09T16:00:00,2035-08-13T00:00:00,0.0328945
2026-03-17,2026-03-09T16:00:00,2035-09-11T00:00:00,0.0329509
2026-03-17,2026-03-09T16:00:00,2035-10-11T00:00:00,0.0330078
2026-03-17,2026-03-09T16:00:00,2035-11-12T00:00:00,0.0330671
2026-03-17,2026-03-09T16:00:00,2035-12-11T00:00:00,0.0331194
2026-03-17,2026-03-09T16:00:00,2036-01-11T00:00:00,0.0331739
2026-03-17,2026-03-09T16:00:00,2036-02-11T00:00:00,0.0332267
2026-03-17,2026-03-09T16:00:00,2036-03-11T00:00:00,0.0332747
2026-03-18,2026-03-09T16:00:00,2026-03-11T00:00:00,0.02178
2026-03-18,2026-03-09T16:00:00,2026-04-13T00:00:00,0.0223952
2026-03-18,2026-03-09T16:00:00,2026-05-11T00:00:00,0.0229044
2026-03-18,2026-03-09T16:00:00,2026-06-11T00:00:00,0.0234412
2026-03-18,2026-03-09T16:00:00,2026-07-13T00:00:00,0.0239508
2026-03-18,2026-03-09T16:00:00,2026-08-11T00:00:00,0.0243608
2026-03-18,2026-03-09T16:00:00,2026-09-11T00:00:00,0.0247309
2026-03-18,2026-03-09T16:00:00,2026-10-12T00:00:00,0.0250207
2026-03-18,2026-03-09T16:00:00,2026-11-11T00:00:00,0.0252312
2026-03-18,2026-03-09T16:00:00,2026-12-11T00:00:00,0.0253829
2026-03-18,2026-03-09T16:00:00,2027-01-11T00:00:00,0.0254882
2026-03-18,2026-03-09T16:00:00,2027-02-11T00:00:00,0.0255521
2026-03-18,2026-03-09T16:00:00,2027-03-11T00:00:00,0.0255834
2026-03-18,2026-03-09T16:00:00,2027-04-12T00:00:00,0.025599
2026-03-18,2026-03-09T16:00:00,2027-05-11T00:00:00,0.0256043
2026-03-18,2026-03-09T16:00:00,2027-06-11T00:00:00,0.025611
2026-03-18,2026-03-09T16:00:00,2027-07-12T00:00:00,0.0256278
2026-03-18,2026-03-09T16:00:00,2027-08-11T00:00:00,0.0256545
2026-03-18,2026-03-09T16:00:00,2027-09-13T00:00:00,0.0256945
2026-03-18,2026-03-09T16:00:00,2027-10-11T00:00:00,0.0257361
2026-03-18,2026-03-09T16:00:00,2027-11-11T00:00:00,0.0257894
2026-03-18,2026-03-09T16:00:00,2027-12-13T00:00:00,0.0258511
2026-03-18,2026-03-09T16:00:00,2028-01-11T00:00:00,0.0259117
2026-03-18,2026-03-09T16:00:00,2028-02-11T00:00:00,0.0259804
2026-03-18,2026-03-09T16:00:00,2028-03-13T00:00:00,0.026052
2026-03-18,2026-03-09T16:00:00,2028-04-11T00:00:00,0.0261205
2026-03-18,2026-03-09T16:00:00,2028-05-11T00:00:00,0.0261919
2026-03-18,2026-03-09T16:00:00,2028-06-12T00:00:00,0.0262673
2026-03-18,2026-03-09T16:00:00,2028-07-11T00:00:00,0.0263343
2026-03-18,2026-03-09T16:00:00,2028-08-11T00:00:00,0.0264044
2026-03-18,2026-03-09T16:00:00,2028-09-11T00:00:00,0.026473
2026-03-18,2026-03-09T16:00:00,2028-10-11T00:00:00,0.0265383
2026-03-18,2026-03-09T16:00:00,2028-11-13T00:00:00,0.026609
2026-03-18,2026-03-09T16:00:00,2028-12-11T00:00:00,0.0266683
2026-03-18,2026-03-09T16:00:00,2029-01-11T00:00:00,0.0267335
2026-03-18,2026-03-09T16:00:00,2029-02-12T00:00:00,0.0268003
2026-03-18,2026-03-09T16:00:00,2029-03-12T00:00:00,0.0268587
2026-03-18,2026-03-09T16:00:00,2029-04-11T00:00:00,0.0269212
2026-03-18,2026-03-09T16:00:00,2029-05-11T00:00:00,0.026984
2026-03-18,2026-03-09T16:00:00,2029-06-11T00:00:00,0.0270493
2026-03-18,2026-03-09T16:00:00,2029-07-11T00:00:00,0.027113
2026-03-18,2026-03-09T16:00:00,2029-08-13T00:00:00,0.0271841
2026-03-18,2026-03-09T16:00:00,2029-09-11T00:00:00,0.0272476
2026-03-18,2026-03-09T16:00:00,2029-10-11T00:00:00,0.0273143
2026-03-18,2026-03-09T16:00:00,2029-11-12T00:00:00,0.0273871
2026-03-18,2026-03-09T16:00:00,2029-12-11T00:00:00,0.0274546
2026-03-18,2026-03-09T16:00:00,2030-01-11T00:00:00,0.0275285
2026-03-18,2026-03-09T16:00:00,2030-02-11T00:00:00,0.0276041
2026-03-18,2026-03-09T16:00:00,2030-03-11T00:00:00,0.0276739
2026-03-18,2026-03-09T16:00:00,2030-04-11T00:00:00,0.0277526
2026-03-18,2026-03-09T16:00:00,2030-05-13T00:00:00,0.0278355
2026-03-18,2026-03-09T16:00:00,2030-06-11T00:00:00,0.0279118
2026-03-18,2026-03-09T16:00:00,2030-07-11T00:00:00,0.027992
2026-03-18,2026-03-09T16:00:00,2030-08-12T00:00:00,0.0280788
2026-03-18,2026-03-09T16:00:00,2030-09-11T00:00:00,0.0281613
2026-03-18,2026-03-09T16:00:00,2030-10-11T00:00:00,0.0282447
2026-03-18,2026-03-09T16:00:00,2030-11-11T00:00:00,0.0283318
2026-03-18,2026-03-09T16:00:00,2030-12-11T00:00:00,0.0284169
2026-03-18,2026-03-09T16:00:00,2031-01-13T00:00:00,0.0285113
2026-03-18,2026-03-09T16:00:00,2031-02-11T00:00:00,0.0285949
2026-03-18,2026-03-09T16:00:00,2031-03-11T00:00:00,0.0286761
2026-03-18,2026-03-09T16:00:00,2031-04-15T00:00:00,0.0287781
2026-03-18,2026-03-09T16:00:00,2031-05-12T00:00:00,0.0288571
2026-03-18,2026-03-09T16:00:00,2031-06-11T00:00:00,0.0289451
2026-03-18,2026-03-09T16:00:00,2031-07-11T00:00:00,0.0290333
2026-03-18,2026-03-09T16:00:00,2031-08-11T00:00:00,0.0291246
2026-03-18,2026-03-09T16:00:00,2031-09-11T00:00:00,0.0292159
2026-03-18,2026-03-09T16:00:00,2031-10-13T00:00:00,0.02931
2026-03-18,2026-03-09T16:00:00,2031-11-11T00:00:00,0.0293951
2026-03-18,2026-03-09T16:00:00,2031-12-11T00:00:00,0.029483
2026-03-18,2026-03-09T16:00:00,2032-01-12T00:00:00,0.0295763
2026-03-18,2026-03-09T16:00:00,2032-02-11T00:00:00,0.0296634
2026-03-18,2026-03-09T16:00:00,2032-03-11T00:00:00,0.0297473
2026-03-18,2026-03-09T16:00:00,2032-04-12T00:00:00,0.0298394
2026-03-18,2026-03-09T16:00:00,2032-05-11T00:00:00,0.0299225
2026-03-18,2026-03-09T16:00:00,2032-06-11T00:00:00,0.030011
2026-03-18,2026-03-09T16:00:00,2032-07-12T00:00:00,0.030099
2026-03-18,2026-03-09T16:00:00,2032-08-11T00:00:00,0.0301838
2026-03-18,2026-03-09T16:00:00,2032-09-13T00:00:00,0.0302766
2026-03-18,2026-03-09T16:00:00,2032-10-11T00:00:00,0.0303549
2026-03-18,2026-03-09T16:00:00,2032-11-11T00:00:00,0.0304411
2026-03-18,2026-03-09T16:00:00,2032-12-13T00:00:00,0.0305296
2026-03-18,2026-03-09T16:00:00,2033-01-11T00:00:00,0.0306094
2026-03-18,2026-03-09T16:00:00,2033-02-11T00:00:00,0.0306941
2026-03-18,2026-03-09T16:00:00,2033-03-11T00:00:00,0.0307703
2026-03-18,2026-03-09T16:00:00,2033-04-11T00:00:00,0.030854
2026-03-18,2026-03-09T16:00:00,2033-05-11T00:00:00,0.0309346
2026-03-18,2026-03-09T16:00:00,2033-06-13T00:00:00,0.0310226
2026-03-18,2026-03-09T16:00:00,2033-07-11T00:00:00,0.0310968
2026-03-18,2026-03-09T16:00:00,2033-08-11T00:00:00,0.0311784
2026-03-18,2026-03-09T16:00:00,2033-09-12T00:00:00,0.031262
2026-03-18,2026-03-09T16:00:00,2033-10-11T00:00:00,0.0313372
2026-03-18,2026-03-09T16:00:00,2033-11-11T00:00:00,0.031417
2026-03-18,2026-03-09T16:00:00,2033-12-12T00:00:00,0.0314962
2026-03-18,2026-03-09T16:00:00,2034-01-11T00:00:00,0.0315723
2026-03-18,2026-03-09T16:00:00,2034-02-13T00:00:00,0.0316552
2026-03-18,2026-03-09T16:00:00,2034-03-13T00:00:00,0.0317251
2026-03-18,2026-03-09T16:00:00,2034-04-11T00:00:00,0.0317968
2026-03-18,2026-03-09T16:00:00,2034-05-11T00:00:00,0.0318704
2026-03-18,2026-03-09T16:00:00,2034-06-12T00:00:00,0.0319482
2026-03-18,2026-03-09T16:00:00,2034-07-11T00:00:00,0.0320181
2026-03-18,2026-03-09T16:00:00,2034-08-11T00:00:00,0.032092
2026-03-18,2026-03-09T16:00:00,2034-09-11T00:00:00,0.0321652
2026-03-18,2026-03-09T16:00:00,2034-10-11T00:00:00,0.0322352
2026-03-18,2026-03-09T16:00:00,2034-11-13T00:00:00,0.0323113
2026-03-18,2026-03-09T16:00:00,2034-12-11T00:00:00,0.032375
2026-03-18,2026-03-09T16:00:00,2035-01-11T00:00:00,0.0324446
2026-03-18,2026-03-09T16:00:00,2035-02-12T00:00:00,0.0325154
2026-03-18,2026-03-09T16:00:00,2035-03-12T00:00:00,0.0325764
2026-03-18,2026-03-09T16:00:00,2035-04-11T00:00:00,0.0326407
2026-03-18,2026-03-09T16:00:00,2035-05-11T00:00:00,0.032704
2026-03-18,2026-03-09T16:00:00,2035-06-11T00:00:00,0.0327681
2026-03-18,2026-03-09T16:00:00,2035-07-11T00:00:00,0.032829
2026-03-18,2026-03-09T16:00:00,2035-08-13T00:00:00,0.0328945
2026-03-18,2026-03-09T16:00:00,2035-09-11T00:00:00,0.0329509
2026-03-18,2026-03-09T16:00:00,2035-10-11T00:00:00,0.0330078
2026-03-18,2026-03-09T16:00:00,2035-11-12T00:00:00,0.0330671
2026-03-18,2026-03-09T16:00:00,2035-12-11T00:00:00,0.0331194
2026-03-18,2026-03-09T16:00:00,2036-01-11T00:00:00,0.0331739
2026-03-18,2026-03-09T16:00:00,2036-02-11T00:00:00,0.0332267
2026-03-18,2026-03-09T16:00:00,2036-03-11T00:00:00,0.0332747
2026-03-19,2026-03-09T16:00:00,2026-03-11T00:00:00,0.02178
2026-03-19,2026-03-09T16:00:00,2026-04-13T00:00:00,0.0223952
2026-03-19,2026-03-09T16:00:00,2026-05-11T00:00:00,0.0229044
2026-03-19,2026-03-09T16:00:00,2026-06-11T00:00:00,0.0234412
2026-03-19,2026-03-09T16:00:00,2026-07-13T00:00:00,0.0239508
2026-03-19,2026-03-09T16:00:00,2026-08-11T00:00:00,0.0243608
2026-03-19,2026-03-09T16:00:00,2026-09-11T00:00:00,0.0247309
2026-03-19,2026-03-09T16:00:00,2026-10-12T00:00:00,0.0250207
2026-03-19,2026-03-09T16:00:00,2026-11-11T00:00:00,0.0252312
2026-03-19,2026-03-09T16:00:00,2026-12-11T00:00:00,0.0253829
2026-03-19,2026-03-09T16:00:00,2027-01-11T00:00:00,0.0254882
2026-03-19,2026-03-09T16:00:00,2027-02-11T00:00:00,0.0255521
2026-03-19,2026-03-09T16:00:00,2027-03-11T00:00:00,0.0255834
2026-03-19,2026-03-09T16:00:00,2027-04-12T00:00:00,0.025599
2026-03-19,2026-03-09T16:00:00,2027-05-11T00:00:00,0.0256043
2026-03-19,2026-03-09T16:00:00,2027-06-11T00:00:00,0.025611
2026-03-19,2026-03-09T16:00:00,2027-07-12T00:00:00,0.0256278
2026-03-19,2026-03-09T16:00:00,2027-08-11T00:00:00,0.0256545
2026-03-19,2026-03-09T16:00:00,2027-09-13T00:00:00,0.0256945
2026-03-19,2026-03-09T16:00:00,2027-10-11T00:00:00,0.0257361
2026-03-19,2026-03-09T16:00:00,2027-11-11T00:00:00,0.0257894
2026-03-19,2026-03-09T16:00:00,2027-12-13T00:00:00,0.0258511
2026-03-19,2026-03-09T16:00:00,2028-01-11T00:00:00,0.0259117
2026-03-19,2026-03-09T16:00:00,2028-02-11T00:00:00,0.0259804
2026-03-19,2026-03-09T16:00:00,2028-03-13T00:00:00,0.026052
2026-03-19,2026-03-09T16:00:00,2028-04-11T00:00:00,0.0261205
2026-03-19,2026-03-09T16:00:00,2028-05-11T00:00:00,0.0261919
2026-03-19,2026-03-09T16:00:00,2028-06-12T00:00:00,0.0262673
2026-03-19,2026-03-09T16:00:00,2028-07-11T00:00:00,0.0263343
2026-03-19,2026-03-09T16:00:00,2028-08-11T00:00:00,0.0264044
2026-03-19,2026-03-09T16:00:00,2028-09-11T00:00:00,0.026473
2026-03-19,2026-03-09T16:00:00,2028-10-11T00:00:00,0.0265383
2026-03-19,2026-03-09T16:00:00,2028-11-13T00:00:00,0.026609
2026-03-19,2026-03-09T16:00:00,2028-12-11T00:00:00,0.0266683
2026-03-19,2026-03-09T16:00:00,2029-01-11T00:00:00,0.0267335
2026-03-19,2026-03-09T16:00:00,2029-02-12T00:00:00,0.0268003
2026-03-19,2026-03-09T16:00:00,2029-03-12T00:00:00,0.0268587
2026-03-19,2026-03-09T16:00:00,2029-04-11T00:00:00,0.0269212
2026-03-19,2026-03-09T16:00:00,2029-05-11T00:00:00,0.026984
2026-03-19,2026-03-09T16:00:00,2029-06-11T00:00:00,0.0270493
2026-03-19,2026-03-09T16:00:00,2029-07-11T00:00:00,0.027113
2026-03-19,2026-03-09T16:00:00,2029-08-13T00:00:00,0.0271841
2026-03-19,2026-03-09T16:00:00,2029-09-11T00:00:00,0.0272476
2026-03-19,2026-03-09T16:00:00,2029-10-11T00:00:00,0.0273143
2026-03-19,2026-03-09T16:00:00,2029-11-12T00:00:00,0.0273871
2026-03-19,2026-03-09T16:00:00,2029-12-11T00:00:00,0.0274546
2026-03-19,2026-03-09T16:00:00,2030-01-11T00:00:00,0.0275285
2026-03-19,2026-03-09T16:00:00,2030-02-11T00:00:00,0.0276041
2026-03-19,2026-03-09T16:00:00,2030-03-11T00:00:00,0.0276739
2026-03-19,2026-03-09T16:00:00,2030-04-11T00:00:00,0.0277526
2026-03-19,2026-03-09T16:00:00,2030-05-13T00:00:00,0.0278355
2026-03-19,2026-03-09T16:00:00,2030-06-11T00:00:00,0.0279118
2026-03-19,2026-03-09T16:00:00,2030-07-11T00:00:00,0.027992
2026-03-19,2026-03-09T16:00:00,2030-08-12T00:00:00,0.0280788
2026-03-19,2026-03-09T16:00:00,2030-09-11T00:00:00,0.0281613
2026-03-19,2026-03-09T16:00:00,2030-10-11T00:00:00,0.0282447
2026-03-19,2026-03-09T16:00:00,2030-11-11T00:00:00,0.0283318
2026-03-19,2026-03-09T16:00:00,2030-12-11T00:00:00,0.0284169
2026-03-19,2026-03-09T16:00:00,2031-01-13T00:00:00,0.0285113
2026-03-19,2026-03-09T16:00:00,2031-02-11T00:00:00,0.0285949
2026-03-19,2026-03-09T16:00:00,2031-03-11T00:00:00,0.0286761
2026-03-19,2026-03-09T16:00:00,2031-04-15T00:00:00,0.0287781
2026-03-19,2026-03-09T16:00:00,2031-05-12T00:00:00,0.0288571
2026-03-19,2026-03-09T16:00:00,2031-06-11T00:00:00,0.0289451
2026-03-19,2026-03-09T16:00:00,2031-07-11T00:00:00,0.0290333
2026-03-19,2026-03-09T16:00:00,2031-08-11T00:00:00,0.0291246
2026-03-19,2026-03-09T16:00:00,2031-09-11T00:00:00,0.0292159
2026-03-19,2026-03-09T16:00:00,2031-10-13T00:00:00,0.02931
2026-03-19,2026-03-09T16:00:00,2031-11-11T00:00:00,0.0293951
2026-03-19,2026-03-09T16:00:00,2031-12-11T00:00:00,0.029483
2026-03-19,2026-03-09T16:00:00,2032-01-12T00:00:00,0.0295763
2026-03-19,2026-03-09T16:00:00,2032-02-11T00:00:00,0.0296634
2026-03-19,2026-03-09T16:00:00,2032-03-11T00:00:00,0.0297473
2026-03-19,2026-03-09T16:00:00,2032-04-12T00:00:00,0.0298394
2026-03-19,2026-03-09T16:00:00,2032-05-11T00:00:00,0.0299225
2026-03-19,2026-03-09T16:00:00,2032-06-11T00:00:00,0.030011
2026-03-19,2026-03-09T16:00:00,2032-07-12T00:00:00,0.030099
2026-03-19,2026-03-09T16:00:00,2032-08-11T00:00:00,0.0301838
2026-03-19,2026-03-09T16:00:00,2032-09-13T00:00:00,0.0302766
2026-03-19,2026-03-09T16:00:00,2032-10-11T00:00:00,0.0303549
2026-03-19,2026-03-09T16:00:00,2032-11-11T00:00:00,0.0304411
2026-03-19,2026-03-09T16:00:00,2032-12-13T00:00:00,0.0305296
2026-03-19,2026-03-09T16:00:00,2033-01-11T00:00:00,0.0306094
2026-03-19,2026-03-09T16:00:00,2033-02-11T00:00:00,0.0306941
2026-03-19,2026-03-09T16:00:00,2033-03-11T00:00:00,0.0307703
2026-03-19,2026-03-09T16:00:00,2033-04-11T00:00:00,0.030854
2026-03-19,2026-03-09T16:00:00,2033-05-11T00:00:00,0.0309346
2026-03-19,2026-03-09T16:00:00,2033-06-13T00:00:00,0.0310226
2026-03-19,2026-03-09T16:00:00,2033-07-11T00:00:00,0.0310968
2026-03-19,2026-03-09T16:00:00,2033-08-11T00:00:00,0.0311784
2026-03-19,2026-03-09T16:00:00,2033-09-12T00:00:00,0.031262
2026-03-19,2026-03-09T16:00:00,2033-10-11T00:00:00,0.0313372
2026-03-19,2026-03-09T16:00:00,2033-11-11T00:00:00,0.031417
2026-03-19,2026-03-09T16:00:00,2033-12-12T00:00:00,0.0314962
2026-03-19,2026-03-09T16:00:00,2034-01-11T00:00:00,0.0315723
2026-03-19,2026-03-09T16:00:00,2034-02-13T00:00:00,0.0316552
2026-03-19,2026-03-09T16:00:00,2034-03-13T00:00:00,0.0317251
2026-03-19,2026-03-09T16:00:00,2034-04-11T00:00:00,0.0317968
2026-03-19,2026-03-09T16:00:00,2034-05-11T00:00:00,0.0318704
2026-03-19,2026-03-09T16:00:00,2034-06-12T00:00:00,0.0319482
2026-03-19,2026-03-09T16:00:00,2034-07-11T00:00:00,0.0320181
2026-03-19,2026-03-09T16:00:00,2034-08-11T00:00:00,0.032092
2026-03-19,2026-03-09T16:00:00,2034-09-11T00:00:00,0.0321652
2026-03-19,2026-03-09T16:00:00,2034-10-11T00:00:00,0.0322352
2026-03-19,2026-03-09T16:00:00,2034-11-13T00:00:00,0.0323113
2026-03-19,2026-03-09T16:00:00,2034-12-11T00:00:00,0.032375
2026-03-19,2026-03-09T16:00:00,2035-01-11T00:00:00,0.0324446
2026-03-19,2026-03-09T16:00:00,2035-02-12T00:00:00,0.0325154
2026-03-19,2026-03-09T16:00:00,2035-03-12T00:00:00,0.0325764
2026-03-19,2026-03-09T16:00:00,2035-04-11T00:00:00,0.0326407
2026-03-19,2026-03-09T16:00:00,2035-05-11T00:00:00,0.032704
2026-03-19,2026-03-09T16:00:00,2035-06-11T00:00:00,0.0327681
2026-03-19,2026-03-09T16:00:00,2035-07-11T00:00:00,0.032829
2026-03-19,2026-03-09T16:00:00,2035-08-13T00:00:00,0.0328945
2026-03-19,2026-03-09T16:00:00,2035-09-11T00:00:00,0.0329509
2026-03-19,2026-03-09T16:00:00,2035-10-11T00:00:00,0.0330078
2026-03-19,2026-03-09T16:00:00,2035-11-12T00:00:00,0.0330671
2026-03-19,2026-03-09T16:00:00,2035-12-11T00:00:00,0.0331194
2026-03-19,2026-03-09T16:00:00,2036-01-11T00:00:00,0.0331739
2026-03-19,2026-03-09T16:00:00,2036-02-11T00:00:00,0.0332267
2026-03-19,2026-03-09T16:00:00,2036-03-11T00:00:00,0.0332747
2026-03-20,2026-03-09T16:00:00,2026-03-11T00:00:00,0.02178
2026-03-20,2026-03-09T16:00:00,2026-04-13T00:00:00,0.0223952
2026-03-20,2026-03-09T16:00:00,2026-05-11T00:00:00,0.0229044
2026-03-20,2026-03-09T16:00:00,2026-06-11T00:00:00,0.0234412
2026-03-20,2026-03-09T16:00:00,2026-07-13T00:00:00,0.0239508
2026-03-20,2026-03-09T16:00:00,2026-08-11T00:00:00,0.0243608
2026-03-20,2026-03-09T16:00:00,2026-09-11T00:00:00,0.0247309
2026-03-20,2026-03-09T16:00:00,2026-10-12T00:00:00,0.0250207
2026-03-20,2026-03-09T16:00:00,2026-11-11T00:00:00,0.0252312
2026-03-20,2026-03-09T16:00:00,2026-12-11T00:00:00,0.0253829
2026-03-20,2026-03-09T16:00:00,2027-01-11T00:00:00,0.0254882
2026-03-20,2026-03-09T16:00:00,2027-02-11T00:00:00,0.0255521
2026-03-20,2026-03-09T16:00:00,2027-03-11T00:00:00,0.0255834
2026-03-20,2026-03-09T16:00:00,2027-04-12T00:00:00,0.025599
2026-03-20,2026-03-09T16:00:00,2027-05-11T00:00:00,0.0256043
2026-03-20,2026-03-09T16:00:00,2027-06-11T00:00:00,0.025611
2026-03-20,2026-03-09T16:00:00,2027-07-12T00:00:00,0.0256278
2026-03-20,2026-03-09T16:00:00,2027-08-11T00:00:00,0.0256545
2026-03-20,2026-03-09T16:00:00,2027-09-13T00:00:00,0.0256945
2026-03-20,2026-03-09T16:00:00,2027-10-11T00:00:00,0.0257361
2026-03-20,2026-03-09T16:00:00,2027-11-11T00:00:00,0.0257894
2026-03-20,2026-03-09T16:00:00,2027-12-13T00:00:00,0.0258511
2026-03-20,2026-03-09T16:00:00,2028-01-11T00:00:00,0.0259117
2026-03-20,2026-03-09T16:00:00,2028-02-11T00:00:00,0.0259804
2026-03-20,2026-03-09T16:00:00,2028-03-13T00:00:00,0.026052
2026-03-20,2026-03-09T16:00:00,2028-04-11T00:00:00,0.0261205
2026-03-20,2026-03-09T16:00:00,2028-05-11T00:00:00,0.0261919
2026-03-20,2026-03-09T16:00:00,2028-06-12T00:00:00,0.0262673
2026-03-20,2026-03-09T16:00:00,2028-07-11T00:00:00,0.0263343
2026-03-20,2026-03-09T16:00:00,2028-08-11T00:00:00,0.0264044
2026-03-20,2026-03-09T16:00:00,2028-09-11T00:00:00,0.026473
2026-03-20,2026-03-09T16:00:00,2028-10-11T00:00:00,0.0265383
2026-03-20,2026-03-09T16:00:00,2028-11-13T00:00:00,0.026609
2026-03-20,2026-03-09T16:00:00,2028-12-11T00:00:00,0.0266683
2026-03-20,2026-03-09T16:00:00,2029-01-11T00:00:00,0.0267335
2026-03-20,2026-03-09T16:00:00,2029-02-12T00:00:00,0.0268003
2026-03-20,2026-03-09T16:00:00,2029-03-12T00:00:00,0.0268587
2026-03-20,2026-03-09T16:00:00,2029-04-11T00:00:00,0.0269212
2026-03-20,2026-03-09T16:00:00,2029-05-11T00:00:00,0.026984
2026-03-20,2026-03-09T16:00:00,2029-06-11T00:00:00,0.0270493
2026-03-20,2026-03-09T16:00:00,2029-07-11T00:00:00,0.027113
2026-03-20,2026-03-09T16:00:00,2029-08-13T00:00:00,0.0271841
2026-03-20,2026-03-09T16:00:00,2029-09-11T00:00:00,0.0272476
2026-03-20,2026-03-09T16:00:00,2029-10-11T00:00:00,0.0273143
2026-03-20,2026-03-09T16:00:00,2029-11-12T00:00:00,0.0273871
2026-03-20,2026-03-09T16:00:00,2029-12-11T00:00:00,0.0274546
2026-03-20,2026-03-09T16:00:00,2030-01-11T00:00:00,0.0275285
2026-03-20,2026-03-09T16:00:00,2030-02-11T00:00:00,0.0276041
2026-03-20,2026-03-09T16:00:00,2030-03-11T00:00:00,0.0276739
2026-03-20,2026-03-09T16:00:00,2030-04-11T00:00:00,0.0277526
2026-03-20,2026-03-09T16:00:00,2030-05-13T00:00:00,0.0278355
2026-03-20,2026-03-09T16:00:00,2030-06-11T00:00:00,0.0279118
2026-03-20,2026-03-09T16:00:00,2030-07-11T00:00:00,0.027992
2026-03-20,2026-03-09T16:00:00,2030-08-12T00:00:00,0.0280788
2026-03-20,2026-03-09T16:00:00,2030-09-11T00:00:00,0.0281613
2026-03-20,2026-03-09T16:00:00,2030-10-11T00:00:00,0.0282447
2026-03-20,2026-03-09T16:00:00,2030-11-11T00:00:00,0.0283318
2026-03-20,2026-03-09T16:00:00,2030-12-11T00:00:00,0.0284169
2026-03-20,2026-03-09T16:00:00,2031-01-13T00:00:00,0.0285113
2026-03-20,2026-03-09T16:00:00,2031-02-11T00:00:00,0.0285949
2026-03-20,2026-03-09T16:00:00,2031-03-11T00:00:00,0.0286761
2026-03-20,2026-03-09T16:00:00,2031-04-15T00:00:00,0.0287781
2026-03-20,2026-03-09T16:00:00,2031-05-12T00:00:00,0.0288571
2026-03-20,2026-03-09T16:00:00,2031-06-11T00:00:00,0.0289451
2026-03-20,2026-03-09T16:00:00,2031-07-11T00:00:00,0.0290333
2026-03-20,2026-03-09T16:00:00,2031-08-11T00:00:00,0.0291246
2026-03-20,2026-03-09T16:00:00,2031-09-11T00:00:00,0.0292159
2026-03-20,2026-03-09T16:00:00,2031-10-13T00:00:00,0.02931
2026-03-20,2026-03-09T16:00:00,2031-11-11T00:00:00,0.0293951
2026-03-20,2026-03-09T16:00:00,2031-12-11T00:00:00,0.029483
2026-03-20,2026-03-09T16:00:00,2032-01-12T00:00:00,0.0295763
2026-03-20,2026-03-09T16:00:00,2032-02-11T00:00:00,0.0296634
2026-03-20,2026-03-09T16:00:00,2032-03-11T00:00:00,0.0297473
2026-03-20,2026-03-09T16:00:00,2032-04-12T00:00:00,0.0298394
2026-03-20,2026-03-09T16:00:00,2032-05-11T00:00:00,0.0299225
2026-03-20,2026-03-09T16:00:00,2032-06-11T00:00:00,0.030011
2026-03-20,2026-03-09T16:00:00,2032-07-12T00:00:00,0.030099
2026-03-20,2026-03-09T16:00:00,2032-08-11T00:00:00,0.0301838
2026-03-20,2026-03-09T16:00:00,2032-09-13T00:00:00,0.0302766
2026-03-20,2026-03-09T16:00:00,2032-10-11T00:00:00,0.0303549
2026-03-20,2026-03-09T16:00:00,2032-11-11T00:00:00,0.0304411
2026-03-20,2026-03-09T16:00:00,2032-12-13T00:00:00,0.0305296
2026-03-20,2026-03-09T16:00:00,2033-01-11T00:00:00,0.0306094
2026-03-20,2026-03-09T16:00:00,2033-02-11T00:00:00,0.0306941
2026-03-20,2026-03-09T16:00:00,2033-03-11T00:00:00,0.0307703
2026-03-20,2026-03-09T16:00:00,2033-04-11T00:00:00,0.030854
2026-03-20,2026-03-09T16:00:00,2033-05-11T00:00:00,0.0309346
2026-03-20,2026-03-09T16:00:00,2033-06-13T00:00:00,0.0310226
2026-03-20,2026-03-09T16:00:00,2033-07-11T00:00:00,0.0310968
2026-03-20,2026-03-09T16:00:00,2033-08-11T00:00:00,0.0311784
2026-03-20,2026-03-09T16:00:00,2033-09-12T00:00:00,0.031262
2026-03-20,2026-03-09T16:00:00,2033-10-11T00:00:00,0.0313372
2026-03-20,2026-03-09T16:00:00,2033-11-11T00:00:00,0.031417
2026-03-20,2026-03-09T16:00:00,2033-12-12T00:00:00,0.0314962
2026-03-20,2026-03-09T16:00:00,2034-01-11T00:00:00,0.0315723
2026-03-20,2026-03-09T16:00:00,2034-02-13T00:00:00,0.0316552
2026-03-20,2026-03-09T16:00:00,2034-03-13T00:00:00,0.0317251
2026-03-20,2026-03-09T16:00:00,2034-04-11T00:00:00,0.0317968
2026-03-20,2026-03-09T16:00:00,2034-05-11T00:00:00,0.0318704
2026-03-20,2026-03-09T16:00:00,2034-06-12T00:00:00,0.0319482
2026-03-20,2026-03-09T16:00:00,2034-07-11T00:00:00,0.0320181
2026-03-20,2026-03-09T16:00:00,2034-08-11T00:00:00,0.032092
2026-03-20,2026-03-09T16:00:00,2034-09-11T00:00:00,0.0321652
2026-03-20,2026-03-09T16:00:00,2034-10-11T00:00:00,0.0322352
2026-03-20,2026-03-09T16:00:00,2034-11-13T00:00:00,0.0323113
2026-03-20,2026-03-09T16:00:00,2034-12-11T00:00:00,0.032375
2026-03-20,2026-03-09T16:00:00,2035-01-11T00:00:00,0.0324446
2026-03-20,2026-03-09T16:00:00,2035-02-12T00:00:00,0.0325154
2026-03-20,2026-03-09T16:00:00,2035-03-12T00:00:00,0.0325764
2026-03-20,2026-03-09T16:00:00,2035-04-11T00:00:00,0.0326407
2026-03-20,2026-03-09T16:00:00,2035-05-11T00:00:00,0.032704
2026-03-20,2026-03-09T16:00:00,2035-06-11T00:00:00,0.0327681
2026-03-20,2026-03-09T16:00:00,2035-07-11T00:00:00,0.032829
2026-03-20,2026-03-09T16:00:00,2035-08-13T00:00:00,0.0328945
2026-03-20,2026-03-09T16:00:00,2035-09-11T00:00:00,0.0329509
2026-03-20,2026-03-09T16:00:00,2035-10-11T00:00:00,0.0330078
2026-03-20,2026-03-09T16:00:00,2035-11-12T00:00:00,0.0330671
2026-03-20,2026-03-09T16:00:00,2035-12-11T00:00:00,0.0331194
2026-03-20,2026-03-09T16:00:00,2036-01-11T00:00:00,0.0331739
2026-03-20,2026-03-09T16:00:00,2036-02-11T00:00:00,0.0332267
2026-03-20,2026-03-09T16:00:00,2036-03-11T00:00:00,0.0332747
2026-03-23,2026-03-16T16:00:00,2026-03-18T00:00:00,0.02312
2026-03-23,2026-03-16T16:00:00,2026-04-20T00:00:00,0.0236693
2026-03-23,2026-03-16T16:00:00,2026-05-18T00:00:00,0.0241234
2026-03-23,2026-03-16T16:00:00,2026-06-18T00:00:00,0.0246007
2026-03-23,2026-03-16T16:00:00,2026-07-20T00:00:00,0.0250517
2026-03-23,2026-03-16T16:00:00,2026-08-18T00:00:00,0.0254116
2026-03-23,2026-03-16T16:00:00,2026-09-18T00:00:00,0.0257323
2026-03-23,2026-03-16T16:00:00,2026-10-19T00:00:00,0.0259777
2026-03-23,2026-03-16T16:00:00,2026-11-18T00:00:00,0.0261494
2026-03-23,2026-03-16T16:00:00,2026-12-18T00:00:00,0.026266
2026-03-23,2026-03-16T16:00:00,2027-01-18T00:00:00,0.0263385
2026-03-23,2026-03-16T16:00:00,2027-02-18T00:00:00,0.0263724
2026-03-23,2026-03-16T16:00:00,2027-03-18T00:00:00,0.0263785
2026-03-23,2026-03-16T16:00:00,2027-04-19T00:00:00,0.0263672
2026-03-23,2026-03-16T16:00:00,2027-05-18T00:00:00,0.026349
2026-03-23,2026-03-16T16:00:00,2027-06-18T00:00:00,0.0263313
2026-03-23,2026-03-16T16:00:00,2027-07-19T00:00:00,0.0263237
2026-03-23,2026-03-16T16:00:00,2027-08-18T00:00:00,0.026327
2026-03-23,2026-03-16T16:00:00,2027-09-20T00:00:00,0.0263417
2026-03-23,2026-03-16T16:00:00,2027-10-18T00:00:00,0.0263623
2026-03-23,2026-03-16T16:00:00,2027-11-18T00:00:00,0.0263928
2026-03-23,2026-03-16T16:00:00,2027-12-20T00:00:00,0.0264318
2026-03-23,2026-03-16T16:00:00,2028-01-18T00:00:00,0.0264728
2026-03-23,2026-03-16T16:00:00,2028-02-18T00:00:00,0.0265215
2026-03-23,2026-03-16T16:00:00,2028-03-20T00:00:00,0.0265743
2026-03-23,2026-03-16T16:00:00,2028-04-18T00:00:00,0.0266265
2026-03-23,2026-03-16T16:00:00,2028-05-18T00:00:00,0.0266824
2026-03-23,2026-03-16T16:00:00,2028-06-19T00:00:00,0.0267432
2026-03-23,2026-03-16T16:00:00,2028-07-18T00:00:00,0.0267985
2026-03-23,2026-03-16T16:00:00,2028-08-18T00:00:00,0.0268577
2026-03-23,2026-03-16T16:00:00,2028-09-18T00:00:00,0.0269173
2026-03-23,2026-03-16T16:00:00,2028-10-18T00:00:00,0.0269754
2026-03-23,2026-03-16T16:00:00,2028-11-20T00:00:00,0.0270399
2026-03-23,2026-03-16T16:00:00,2028-12-18T00:00:00,0.0270953
2026-03-23,2026-03-16T16:00:00,2029-01-18T00:00:00,0.0271574
2026-03-23,2026-03-16T16:00:00,2029-02-19T00:00:00,0.0272226
2026-03-23,2026-03-16T16:00:00,2029-03-19T00:00:00,0.0272806
2026-03-23,2026-03-16T16:00:00,2029-04-18T00:00:00,0.0273439
2026-03-23,2026-03-16T16:00:00,2029-05-18T00:00:00,0.0274085
2026-03-23,2026-03-16T16:00:00,2029-06-18T00:00:00,0.0274768
2026-03-23,2026-03-16T16:00:00,2029-07-18T00:00:00,0.0275445
2026-03-23,2026-03-16T16:00:00,2029-08-20T00:00:00,0.0276209
2026-03-23,2026-03-16T16:00:00,2029-09-18T00:00:00,0.0276898
2026-03-23,2026-03-16T16:00:00,2029-10-18T00:00:00,0.0277631
2026-03-23,2026-03-16T16:00:00,2029-11-19T00:00:00,0.0278435
2026-03-23,2026-03-16T16:00:00,2029-12-18T00:00:00,0.0279185
2026-03-23,2026-03-16T16:00:00,2030-01-18T00:00:00,0.0280011
2026-03-23,2026-03-16T16:00:00,2030-02-18T00:00:00,0.028086
2026-03-23,2026-03-16T16:00:00,2030-03-18T00:00:00,0.0281646
2026-03-23,2026-03-16T16:00:00,2030-04-18T00:00:00,0.0282536
2026-03-23,2026-03-16T16:00:00,2030-05-20T00:00:00,0.0283474
2026-03-23,2026-03-16T16:00:00,2030-06-18T00:00:00,0.0284341
2026-03-23,2026-03-16T16:00:00,2030-07-18T00:00:00,0.0285253
2026-03-23,2026-03-16T16:00:00,2030-08-19T00:00:00,0.028624
2026-03-23,2026-03-16T16:00:00,2030-09-18T00:00:00,0.0287179
2026-03-23,2026-03-16T16:00:00,2030-10-18T00:00:00,0.028813
2026-03-23,2026-03-16T16:00:00,2030-11-18T00:00:00,0.0289122
2026-03-23,2026-03-16T16:00:00,2030-12-18T00:00:00,0.0290091
2026-03-23,2026-03-16T16:00:00,2031-01-20T00:00:00,0.0291165
2026-03-23,2026-03-16T16:00:00,2031-02-18T00:00:00,0.0292115
2026-03-23,2026-03-16T16:00:00,2031-03-18T00:00:00,0.0293037
2026-03-23,2026-03-16T16:00:00,2031-04-18T00:00:00,0.029406
2026-03-23,2026-03-16T16:00:00,2031-05-19T00:00:00,0.0295085
2026-03-23,2026-03-16T16:00:00,2031-06-18T00:00:00,0.0296078
2026-03-23,2026-03-16T16:00:00,2031-07-18T00:00:00,0.0297071
2026-03-23,2026-03-16T16:00:00,2031-08-18T00:00:00,0.0298094
2026-03-23,2026-03-16T16:00:00,2031-09-18T00:00:00,0.0299114
2026-03-23,2026-03-16T16:00:00,2031-10-20T00:00:00,0.0300161
2026-03-23,2026-03-16T16:00:00,2031-11-18T00:00:00,0.0301104
2026-03-23,2026-03-16T16:00:00,2031-12-18T00:00:00,0.0302072
2026-03-23,2026-03-16T16:00:00,2032-01-19T00:00:00,0.0303096
2026-03-23,2026-03-16T16:00:00,2032-02-18T00:00:00,0.0304047
2026-03-23,2026-03-16T16:00:00,2032-03-18T00:00:00,0.0304958
2026-03-23,2026-03-16T16:00:00,2032-04-19T00:00:00,0.0305954
2026-03-23,2026-03-16T16:00:00,2032-05-18T00:00:00,0.0306849
2026-03-23,2026-03-16T16:00:00,2032-06-18T00:00:00,0.0307797
2026-03-23,2026-03-16T16:00:00,2032-07-19T00:00:00,0.0308738
2026-03-23,2026-03-16T16:00:00,2032-08-18T00:00:00,0.030964
2026-03-23,2026-03-16T16:00:00,2032-09-20T00:00:00,0.0310623
2026-03-23,2026-03-16T16:00:00,2032-10-18T00:00:00,0.0311451
2026-03-23,2026-03-16T16:00:00,2032-11-18T00:00:00,0.031236
2026-03-23,2026-03-16T16:00:00,2032-12-20T00:00:00,0.031329
2026-03-23,2026-03-16T16:00:00,2033-01-18T00:00:00,0.0314126
2026-03-23,2026-03-16T16:00:00,2033-02-18T00:00:00,0.0315013
2026-03-23,2026-03-16T16:00:00,2033-03-18T00:00:00,0.0315808
2026-03-23,2026-03-16T16:00:00,2033-04-19T00:00:00,0.031671
2026-03-23,2026-03-16T16:00:00,2033-05-18T00:00:00,0.0317521
2026-03-23,2026-03-16T16:00:00,2033-06-20T00:00:00,0.0318436
2026-03-23,2026-03-16T16:00:00,2033-07-18T00:00:00,0.0319208
2026-03-23,2026-03-16T16:00:00,2033-08-18T00:00:00,0.0320056
2026-03-23,2026-03-16T16:00:00,2033-09-19T00:00:00,0.0320925
2026-03-23,2026-03-16T16:00:00,2033-10-18T00:00:00,0.0321707
2026-03-23,2026-03-16T16:00:00,2033-11-18T00:00:00,0.0322537
2026-03-23,2026-03-16T16:00:00,2033-12-19T00:00:00,0.0323361
2026-03-23,2026-03-16T16:00:00,2034-01-18T00:00:00,0.0324154
2026-03-23,2026-03-16T16:00:00,2034-02-20T00:00:00,0.032502
2026-03-23,2026-03-16T16:00:00,2034-03-20T00:00:00,0.0325751
2026-03-23,2026-03-16T16:00:00,2034-04-18T00:00:00,0.0326503
2026-03-23,2026-03-16T16:00:00,2034-05-18T00:00:00,0.0327277
2026-03-23,2026-03-16T16:00:00,2034-06-19T00:00:00,0.0328097
2026-03-23,2026-03-16T16:00:00,2034-07-18T00:00:00,0.0328836
2026-03-23,2026-03-16T16:00:00,2034-08-18T00:00:00,0.0329621
2026-03-23,2026-03-16T16:00:00,2034-09-18T00:00:00,0.0330401
2026-03-23,2026-03-16T16:00:00,2034-10-18T00:00:00,0.0331149
2026-03-23,2026-03-16T16:00:00,2034-11-20T00:00:00,0.0331963
2026-03-23,2026-03-16T16:00:00,2034-12-18T00:00:00,0.0332648
2026-03-23,2026-03-16T16:00:00,2035-01-18T00:00:00,0.0333398
2026-03-23,2026-03-16T16:00:00,2035-02-19T00:00:00,0.0334162
2026-03-23,2026-03-16T16:00:00,2035-03-19T00:00:00,0.0334822
2026-03-23,2026-03-16T16:00:00,2035-04-18T00:00:00,0.033552
2026-03-23,2026-03-16T16:00:00,2035-05-18T00:00:00,0.0336207
2026-03-23,2026-03-16T16:00:00,2035-06-18T00:00:00,0.0336906
2026-03-23,2026-03-16T16:00:00,2035-07-18T00:00:00,0.033757
2026-03-23,2026-03-16T16:00:00,2035-08-20T00:00:00,0.0338287
2026-03-23,2026-03-16T16:00:00,2035-09-18T00:00:00,0.0338904
2026-03-23,2026-03-16T16:00:00,2035-10-18T00:00:00,0.0339529
2026-03-23,2026-03-16T16:00:00,2035-11-19T00:00:00,0.034018
2026-03-23,2026-03-16T16:00:00,2035-12-18T00:00:00,0.0340756
2026-03-23,2026-03-16T16:00:00,2036-01-18T00:00:00,0.0341356
2026-03-23,2026-03-16T16:00:00,2036-02-18T00:00:00,0.0341938
2026-03-23,2026-03-16T16:00:00,2036-03-18T00:00:00,0.0342467
2026-03-24,2026-03-16T16:00:00,2026-03-18T00:00:00,0.02312
2026-03-24,2026-03-16T16:00:00,2026-04-20T00:00:00,0.0236693
2026-03-24,2026-03-16T16:00:00,2026-05-18T00:00:00,0.0241234
2026-03-24,2026-03-16T16:00:00,2026-06-18T00:00:00,0.0246007
2026-03-24,2026-03-16T16:00:00,2026-07-20T00:00:00,0.0250517
2026-03-24,2026-03-16T16:00:00,2026-08-18T00:00:00,0.0254116
2026-03-24,2026-03-16T16:00:00,2026-09-18T00:00:00,0.0257323
2026-03-24,2026-03-16T16:00:00,2026-10-19T00:00:00,0.0259777
2026-03-24,2026-03-16T16:00:00,2026-11-18T00:00:00,0.0261494
2026-03-24,2026-03-16T16:00:00,2026-12-18T00:00:00,0.026266
2026-03-24,2026-03-16T16:00:00,2027-01-18T00:00:00,0.0263385
2026-03-24,2026-03-16T16:00:00,2027-02-18T00:00:00,0.0263724
2026-03-24,2026-03-16T16:00:00,2027-03-18T00:00:00,0.0263785
2026-03-24,2026-03-16T16:00:00,2027-04-19T00:00:00,0.0263672
2026-03-24,2026-03-16T16:00:00,2027-05-18T00:00:00,0.026349
2026-03-24,2026-03-16T16:00:00,2027-06-18T00:00:00,0.0263313
2026-03-24,2026-03-16T16:00:00,2027-07-19T00:00:00,0.0263237
2026-03-24,2026-03-16T16:00:00,2027-08-18T00:00:00,0.026327
2026-03-24,2026-03-16T16:00:00,2027-09-20T00:00:00,0.0263417
2026-03-24,2026-03-16T16:00:00,2027-10-18T00:00:00,0.0263623
2026-03-24,2026-03-16T16:00:00,2027-11-18T00:00:00,0.0263928
2026-03-24,2026-03-16T16:00:00,2027-12-20T00:00:00,0.0264318
2026-03-24,2026-03-16T16:00:00,2028-01-18T00:00:00,0.0264728
2026-03-24,2026-03-16T16:00:00,2028-02-18T00:00:00,0.0265215
2026-03-24,2026-03-16T16:00:00,2028-03-20T00:00:00,0.0265743
2026-03-24,2026-03-16T16:00:00,2028-04-18T00:00:00,0.0266265
2026-03-24,2026-03-16T16:00:00,2028-05-18T00:00:00,0.0266824
2026-03-24,2026-03-16T16:00:00,2028-06-19T00:00:00,0.0267432
2026-03-24,2026-03-16T16:00:00,2028-07-18T00:00:00,0.0267985
2026-03-24,2026-03-16T16:00:00,2028-08-18T00:00:00,0.0268577
2026-03-24,2026-03-16T16:00:00,2028-09-18T00:00:00,0.0269173
2026-03-24,2026-03-16T16:00:00,2028-10-18T00:00:00,0.0269754
2026-03-24,2026-03-16T16:00:00,2028-11-20T00:00:00,0.0270399
2026-03-24,2026-03-16T16:00:00,2028-12-18T00:00:00,0.0270953
2026-03-24,2026-03-16T16:00:00,2029-01-18T00:00:00,0.0271574
2026-03-24,2026-03-16T16:00:00,2029-02-19T00:00:00,0.0272226
2026-03-24,2026-03-16T16:00:00,2029-03-19T00:00:00,0.0272806
2026-03-24,2026-03-16T16:00:00,2029-04-18T00:00:00,0.0273439
2026-03-24,2026-03-16T16:00:00,2029-05-18T00:00:00,0.0274085
2026-03-24,2026-03-16T16:00:00,2029-06-18T00:00:00,0.0274768
2026-03-24,2026-03-16T16:00:00,2029-07-18T00:00:00,0.0275445
2026-03-24,2026-03-16T16:00:00,2029-08-20T00:00:00,0.0276209
2026-03-24,2026-03-16T16:00:00,2029-09-18T00:00:00,0.0276898
2026-03-24,2026-03-16T16:00:00,2029-10-18T00:00:00,0.0277631
2026-03-24,2026-03-16T16:00:00,2029-11-19T00:00:00,0.0278435
2026-03-24,2026-03-16T16:00:00,2029-12-18T00:00:00,0.0279185
2026-03-24,2026-03-16T16:00:00,2030-01-18T00:00:00,0.0280011
2026-03-24,2026-03-16T16:00:00,2030-02-18T00:00:00,0.028086
2026-03-24,2026-03-16T16:00:00,2030-03-18T00:00:00,0.0281646
2026-03-24,2026-03-16T16:00:00,2030-04-18T00:00:00,0.0282536
2026-03-24,2026-03-16T16:00:00,2030-05-20T00:00:00,0.0283474
2026-03-24,2026-03-16T16:00:00,2030-06-18T00:00:00,0.0284341
2026-03-24,2026-03-16T16:00:00,2030-07-18T00:00:00,0.0285253
2026-03-24,2026-03-16T16:00:00,2030-08-19T00:00:00,0.028624
2026-03-24,2026-03-16T16:00:00,2030-09-18T00:00:00,0.0287179
2026-03-24,2026-03-16T16:00:00,2030-10-18T00:00:00,0.028813
2026-03-24,2026-03-16T16:00:00,2030-11-18T00:00:00,0.0289122
2026-03-24,2026-03-16T16:00:00,2030-12-18T00:00:00,0.0290091
2026-03-24,2026-03-16T16:00:00,2031-01-20T00:00:00,0.0291165
2026-03-24,2026-03-16T16:00:00,2031-02-18T00:00:00,0.0292115
2026-03-24,2026-03-16T16:00:00,2031-03-18T00:00:00,0.0293037
2026-03-24,2026-03-16T16:00:00,2031-04-18T00:00:00,0.029406
2026-03-24,2026-03-16T16:00:00,2031-05-19T00:00:00,0.0295085
2026-03-24,2026-03-16T16:00:00,2031-06-18T00:00:00,0.0296078
2026-03-24,2026-03-16T16:00:00,2031-07-18T00:00:00,0.0297071
2026-03-24,2026-03-16T16:00:00,2031-08-18T00:00:00,0.0298094
2026-03-24,2026-03-16T16:00:00,2031-09-18T00:00:00,0.0299114
2026-03-24,2026-03-16T16:00:00,2031-10-20T00:00:00,0.0300161
2026-03-24,2026-03-16T16:00:00,2031-11-18T00:00:00,0.0301104
2026-03-24,2026-03-16T16:00:00,2031-12-18T00:00:00,0.0302072
2026-03-24,2026-03-16T16:00:00,2032-01-19T00:00:00,0.0303096
2026-03-24,2026-03-16T16:00:00,2032-02-18T00:00:00,0.0304047
2026-03-24,2026-03-16T16:00:00,2032-03-18T00:00:00,0.0304958
2026-03-24,2026-03-16T16:00:00,2032-04-19T00:00:00,0.0305954
2026-03-24,2026-03-16T16:00:00,2032-05-18T00:00:00,0.0306849
2026-03-24,2026-03-16T16:00:00,2032-06-18T00:00:00,0.0307797
2026-03-24,2026-03-16T16:00:00,2032-07-19T00:00:00,0.0308738
2026-03-24,2026-03-16T16:00:00,2032-08-18T00:00:00,0.030964
2026-03-24,2026-03-16T16:00:00,2032-09-20T00:00:00,0.0310623
2026-03-24,2026-03-16T16:00:00,2032-10-18T00:00:00,0.0311451
2026-03-24,2026-03-16T16:00:00,2032-11-18T00:00:00,0.031236
2026-03-24,2026-03-16T16:00:00,2032-12-20T00:00:00,0.031329
2026-03-24,2026-03-16T16:00:00,2033-01-18T00:00:00,0.0314126
2026-03-24,2026-03-16T16:00:00,2033-02-18T00:00:00,0.0315013
2026-03-24,2026-03-16T16:00:00,2033-03-18T00:00:00,0.0315808
2026-03-24,2026-03-16T16:00:00,2033-04-19T00:00:00,0.031671
2026-03-24,2026-03-16T16:00:00,2033-05-18T00:00:00,0.0317521
2026-03-24,2026-03-16T16:00:00,2033-06-20T00:00:00,0.0318436
2026-03-24,2026-03-16T16:00:00,2033-07-18T00:00:00,0.0319208
2026-03-24,2026-03-16T16:00:00,2033-08-18T00:00:00,0.0320056
2026-03-24,2026-03-16T16:00:00,2033-09-19T00:00:00,0.0320925
2026-03-24,2026-03-16T16:00:00,2033-10-18T00:00:00,0.0321707
2026-03-24,2026-03-16T16:00:00,2033-11-18T00:00:00,0.0322537
2026-03-24,2026-03-16T16:00:00,2033-12-19T00:00:00,0.0323361
2026-03-24,2026-03-16T16:00:00,2034-01-18T00:00:00,0.0324154
2026-03-24,2026-03-16T16:00:00,2034-02-20T00:00:00,0.032502
2026-03-24,2026-03-16T16:00:00,2034-03-20T00:00:00,0.0325751
2026-03-24,2026-03-16T16:00:00,2034-04-18T00:00:00,0.0326503
2026-03-24,2026-03-16T16:00:00,2034-05-18T00:00:00,0.0327277
2026-03-24,2026-03-16T16:00:00,2034-06-19T00:00:00,0.0328097
2026-03-24,2026-03-16T16:00:00,2034-07-18T00:00:00,0.0328836
2026-03-24,2026-03-16T16:00:00,2034-08-18T00:00:00,0.0329621
2026-03-24,2026-03-16T16:00:00,2034-09-18T00:00:00,0.0330401
2026-03-24,2026-03-16T16:00:00,2034-10-18T00:00:00,0.0331149
2026-03-24,2026-03-16T16:00:00,2034-11-20T00:00:00,0.0331963
2026-03-24,2026-03-16T16:00:00,2034-12-18T00:00:00,0.0332648
2026-03-24,2026-03-16T16:00:00,2035-01-18T00:00:00,0.0333398
2026-03-24,2026-03-16T16:00:00,2035-02-19T00:00:00,0.0334162
2026-03-24,2026-03-16T16:00:00,2035-03-19T00:00:00,0.0334822
2026-03-24,2026-03-16T16:00:00,2035-04-18T00:00:00,0.033552
2026-03-24,2026-03-16T16:00:00,2035-05-18T00:00:00,0.0336207
2026-03-24,2026-03-16T16:00:00,2035-06-18T00:00:00,0.0336906
2026-03-24,2026-03-16T16:00:00,2035-07-18T00:00:00,0.033757
2026-03-24,2026-03-16T16:00:00,2035-08-20T00:00:00,0.0338287
2026-03-24,2026-03-16T16:00:00,2035-09-18T00:00:00,0.0338904
2026-03-24,2026-03-16T16:00:00,2035-10-18T00:00:00,0.0339529
2026-03-24,2026-03-16T16:00:00,2035-11-19T00:00:00,0.034018
2026-03-24,2026-03-16T16:00:00,2035-12-18T00:00:00,0.0340756
2026-03-24,2026-03-16T16:00:00,2036-01-18T00:00:00,0.0341356
2026-03-24,2026-03-16T16:00:00,2036-02-18T00:00:00,0.0341938
2026-03-24,2026-03-16T16:00:00,2036-03-18T00:00:00,0.0342467
2026-03-25,2026-03-16T16:00:00,2026-03-18T00:00:00,0.02312
2026-03-25,2026-03-16T16:00:00,2026-04-20T00:00:00,0.0236693
2026-03-25,2026-03-16T16:00:00,2026-05-18T00:00:00,0.0241234
2026-03-25,2026-03-16T16:00:00,2026-06-18T00:00:00,0.0246007
2026-03-25,2026-03-16T16:00:00,2026-07-20T00:00:00,0.0250517
2026-03-25,2026-03-16T16:00:00,2026-08-18T00:00:00,0.0254116
2026-03-25,2026-03-16T16:00:00,2026-09-18T00:00:00,0.0257323
2026-03-25,2026-03-16T16:00:00,2026-10-19T00:00:00,0.0259777
2026-03-25,2026-03-16T16:00:00,2026-11-18T00:00:00,0.0261494
2026-03-25,2026-03-16T16:00:00,2026-12-18T00:00:00,0.026266
2026-03-25,2026-03-16T16:00:00,2027-01-18T00:00:00,0.0263385
2026-03-25,2026-03-16T16:00:00,2027-02-18T00:00:00,0.0263724
2026-03-25,2026-03-16T16:00:00,2027-03-18T00:00:00,0.0263785
2026-03-25,2026-03-16T16:00:00,2027-04-19T00:00:00,0.0263672
2026-03-25,2026-03-16T16:00:00,2027-05-18T00:00:00,0.026349
2026-03-25,2026-03-16T16:00:00,2027-06-18T00:00:00,0.0263313
2026-03-25,2026-03-16T16:00:00,2027-07-19T00:00:00,0.0263237
2026-03-25,2026-03-16T16:00:00,2027-08-18T00:00:00,0.026327
2026-03-25,2026-03-16T16:00:00,2027-09-20T00:00:00,0.0263417
2026-03-25,2026-03-16T16:00:00,2027-10-18T00:00:00,0.0263623
2026-03-25,2026-03-16T16:00:00,2027-11-18T00:00:00,0.0263928
2026-03-25,2026-03-16T16:00:00,2027-12-20T00:00:00,0.0264318
2026-03-25,2026-03-16T16:00:00,2028-01-18T00:00:00,0.0264728
2026-03-25,2026-03-16T16:00:00,2028-02-18T00:00:00,0.0265215
2026-03-25,2026-03-16T16:00:00,2028-03-20T00:00:00,0.0265743
2026-03-25,2026-03-16T16:00:00,2028-04-18T00:00:00,0.0266265
2026-03-25,2026-03-16T16:00:00,2028-05-18T00:00:00,0.0266824
2026-03-25,2026-03-16T16:00:00,2028-06-19T00:00:00,0.0267432
2026-03-25,2026-03-16T16:00:00,2028-07-18T00:00:00,0.0267985
2026-03-25,2026-03-16T16:00:00,2028-08-18T00:00:00,0.0268577
2026-03-25,2026-03-16T16:00:00,2028-09-18T00:00:00,0.0269173
2026-03-25,2026-03-16T16:00:00,2028-10-18T00:00:00,0.0269754
2026-03-25,2026-03-16T16:00:00,2028-11-20T00:00:00,0.0270399
2026-03-25,2026-03-16T16:00:00,2028-12-18T00:00:00,0.0270953
2026-03-25,2026-03-16T16:00:00,2029-01-18T00:00:00,0.0271574
2026-03-25,2026-03-16T16:00:00,2029-02-19T00:00:00,0.0272226
2026-03-25,2026-03-16T16:00:00,2029-03-19T00:00:00,0.0272806
2026-03-25,2026-03-16T16:00:00,2029-04-18T00:00:00,0.0273439
2026-03-25,2026-03-16T16:00:00,2029-05-18T00:00:00,0.0274085
2026-03-25,2026-03-16T16:00:00,2029-06-18T00:00:00,0.0274768
2026-03-25,2026-03-16T16:00:00,2029-07-18T00:00:00,0.0275445
2026-03-25,2026-03-16T16:00:00,2029-08-20T00:00:00,0.0276209
2026-03-25,2026-03-16T16:00:00,2029-09-18T00:00:00,0.0276898
2026-03-25,2026-03-16T16:00:00,2029-10-18T00:00:00,0.0277631
2026-03-25,2026-03-16T16:00:00,2029-11-19T00:00:00,0.0278435
2026-03-25,2026-03-16T16:00:00,2029-12-18T00:00:00,0.0279185
2026-03-25,2026-03-16T16:00:00,2030-01-18T00:00:00,0.0280011
2026-03-25,2026-03-16T16:00:00,2030-02-18T00:00:00,0.028086
2026-03-25,2026-03-16T16:00:00,2030-03-18T00:00:00,0.0281646
2026-03-25,2026-03-16T16:00:00,2030-04-18T00:00:00,0.0282536
2026-03-25,2026-03-16T16:00:00,2030-05-20T00:00:00,0.0283474
2026-03-25,2026-03-16T16:00:00,2030-06-18T00:00:00,0.0284341
2026-03-25,2026-03-16T16:00:00,2030-07-18T00:00:00,0.0285253
2026-03-25,2026-03-16T16:00:00,2030-08-19T00:00:00,0.028624
2026-03-25,2026-03-16T16:00:00,2030-09-18T00:00:00,0.0287179
2026-03-25,2026-03-16T16:00:00,2030-10-18T00:00:00,0.028813
2026-03-25,2026-03-16T16:00:00,2030-11-18T00:00:00,0.0289122
2026-03-25,2026-03-16T16:00:00,2030-12-18T00:00:00,0.0290091
2026-03-25,2026-03-16T16:00:00,2031-01-20T00:00:00,0.0291165
2026-03-25,2026-03-16T16:00:00,2031-02-18T00:00:00,0.0292115
2026-03-25,2026-03-16T16:00:00,2031-03-18T00:00:00,0.0293037
2026-03-25,2026-03-16T16:00:00,2031-04-18T00:00:00,0.029406
2026-03-25,2026-03-16T16:00:00,2031-05-19T00:00:00,0.0295085
2026-03-25,2026-03-16T16:00:00,2031-06-18T00:00:00,0.0296078
2026-03-25,2026-03-16T16:00:00,2031-07-18T00:00:00,0.0297071
2026-03-25,2026-03-16T16:00:00,2031-08-18T00:00:00,0.0298094
2026-03-25,2026-03-16T16:00:00,2031-09-18T00:00:00,0.0299114
2026-03-25,2026-03-16T16:00:00,2031-10-20T00:00:00,0.0300161
2026-03-25,2026-03-16T16:00:00,2031-11-18T00:00:00,0.0301104
2026-03-25,2026-03-16T16:00:00,2031-12-18T00:00:00,0.0302072
2026-03-25,2026-03-16T16:00:00,2032-01-19T00:00:00,0.0303096
2026-03-25,2026-03-16T16:00:00,2032-02-18T00:00:00,0.0304047
2026-03-25,2026-03-16T16:00:00,2032-03-18T00:00:00,0.0304958
2026-03-25,2026-03-16T16:00:00,2032-04-19T00:00:00,0.0305954
2026-03-25,2026-03-16T16:00:00,2032-05-18T00:00:00,0.0306849
2026-03-25,2026-03-16T16:00:00,2032-06-18T00:00:00,0.0307797
2026-03-25,2026-03-16T16:00:00,2032-07-19T00:00:00,0.0308738
2026-03-25,2026-03-16T16:00:00,2032-08-18T00:00:00,0.030964
2026-03-25,2026-03-16T16:00:00,2032-09-20T00:00:00,0.0310623
2026-03-25,2026-03-16T16:00:00,2032-10-18T00:00:00,0.0311451
2026-03-25,2026-03-16T16:00:00,2032-11-18T00:00:00,0.031236
2026-03-25,2026-03-16T16:00:00,2032-12-20T00:00:00,0.031329
2026-03-25,2026-03-16T16:00:00,2033-01-18T00:00:00,0.0314126
2026-03-25,2026-03-16T16:00:00,2033-02-18T00:00:00,0.0315013
2026-03-25,2026-03-16T16:00:00,2033-03-18T00:00:00,0.0315808
2026-03-25,2026-03-16T16:00:00,2033-04-19T00:00:00,0.031671
2026-03-25,2026-03-16T16:00:00,2033-05-18T00:00:00,0.0317521
2026-03-25,2026-03-16T16:00:00,2033-06-20T00:00:00,0.0318436
2026-03-25,2026-03-16T16:00:00,2033-07-18T00:00:00,0.0319208
2026-03-25,2026-03-16T16:00:00,2033-08-18T00:00:00,0.0320056
2026-03-25,2026-03-16T16:00:00,2033-09-19T00:00:00,0.0320925
2026-03-25,2026-03-16T16:00:00,2033-10-18T00:00:00,0.0321707
2026-03-25,2026-03-16T16:00:00,2033-11-18T00:00:00,0.0322537
2026-03-25,2026-03-16T16:00:00,2033-12-19T00:00:00,0.0323361
2026-03-25,2026-03-16T16:00:00,2034-01-18T00:00:00,0.0324154
2026-03-25,2026-03-16T16:00:00,2034-02-20T00:00:00,0.032502
2026-03-25,2026-03-16T16:00:00,2034-03-20T00:00:00,0.0325751
2026-03-25,2026-03-16T16:00:00,2034-04-18T00:00:00,0.0326503
2026-03-25,2026-03-16T16:00:00,2034-05-18T00:00:00,0.0327277
2026-03-25,2026-03-16T16:00:00,2034-06-19T00:00:00,0.0328097
2026-03-25,2026-03-16T16:00:00,2034-07-18T00:00:00,0.0328836
2026-03-25,2026-03-16T16:00:00,2034-08-18T00:00:00,0.0329621
2026-03-25,2026-03-16T16:00:00,2034-09-18T00:00:00,0.0330401
2026-03-25,2026-03-16T16:00:00,2034-10-18T00:00:00,0.0331149
2026-03-25,2026-03-16T16:00:00,2034-11-20T00:00:00,0.0331963
2026-03-25,2026-03-16T16:00:00,2034-12-18T00:00:00,0.0332648
2026-03-25,2026-03-16T16:00:00,2035-01-18T00:00:00,0.0333398
2026-03-25,2026-03-16T16:00:00,2035-02-19T00:00:00,0.0334162
2026-03-25,2026-03-16T16:00:00,2035-03-19T00:00:00,0.0334822
2026-03-25,2026-03-16T16:00:00,2035-04-18T00:00:00,0.033552
2026-03-25,2026-03-16T16:00:00,2035-05-18T00:00:00,0.0336207
2026-03-25,2026-03-16T16:00:00,2035-06-18T00:00:00,0.0336906
2026-03-25,2026-03-16T16:00:00,2035-07-18T00:00:00,0.033757
2026-03-25,2026-03-16T16:00:00,2035-08-20T00:00:00,0.0338287
2026-03-25,2026-03-16T16:00:00,2035-09-18T00:00:00,0.0338904
2026-03-25,2026-03-16T16:00:00,2035-10-18T00:00:00,0.0339529
2026-03-25,2026-03-16T16:00:00,2035-11-19T00:00:00,0.034018
2026-03-25,2026-03-16T16:00:00,2035-12-18T00:00:00,0.0340756
2026-03-25,2026-03-16T16:00:00,2036-01-18T00:00:00,0.0341356
2026-03-25,2026-03-16T16:00:00,2036-02-18T00:00:00,0.0341938
2026-03-25,2026-03-16T16:00:00,2036-03-18T00:00:00,0.0342467
2026-03-26,2026-03-16T16:00:00,2026-03-18T00:00:00,0.02312
2026-03-26,2026-03-16T16:00:00,2026-04-20T00:00:00,0.0236693
2026-03-26,2026-03-16T16:00:00,2026-05-18T00:00:00,0.0241234
2026-03-26,2026-03-16T16:00:00,2026-06-18T00:00:00,0.0246007
2026-03-26,2026-03-16T16:00:00,2026-07-20T00:00:00,0.0250517
2026-03-26,2026-03-16T16:00:00,2026-08-18T00:00:00,0.0254116
2026-03-26,2026-03-16T16:00:00,2026-09-18T00:00:00,0.0257323
2026-03-26,2026-03-16T16:00:00,2026-10-19T00:00:00,0.0259777
2026-03-26,2026-03-16T16:00:00,2026-11-18T00:00:00,0.0261494
2026-03-26,2026-03-16T16:00:00,2026-12-18T00:00:00,0.026266
2026-03-26,2026-03-16T16:00:00,2027-01-18T00:00:00,0.0263385
2026-03-26,2026-03-16T16:00:00,2027-02-18T00:00:00,0.0263724
2026-03-26,2026-03-16T16:00:00,2027-03-18T00:00:00,0.0263785
2026-03-26,2026-03-16T16:00:00,2027-04-19T00:00:00,0.0263672
2026-03-26,2026-03-16T16:00:00,2027-05-18T00:00:00,0.026349
2026-03-26,2026-03-16T16:00:00,2027-06-18T00:00:00,0.0263313
2026-03-26,2026-03-16T16:00:00,2027-07-19T00:00:00,0.0263237
2026-03-26,2026-03-16T16:00:00,2027-08-18T00:00:00,0.026327
2026-03-26,2026-03-16T16:00:00,2027-09-20T00:00:00,0.0263417
2026-03-26,2026-03-16T16:00:00,2027-10-18T00:00:00,0.0263623
2026-03-26,2026-03-16T16:00:00,2027-11-18T00:00:00,0.0263928
2026-03-26,2026-03-16T16:00:00,2027-12-20T00:00:00,0.0264318
2026-03-26,2026-03-16T16:00:00,2028-01-18T00:00:00,0.0264728
2026-03-26,2026-03-16T16:00:00,2028-02-18T00:00:00,0.0265215
2026-03-26,2026-03-16T16:00:00,2028-03-20T00:00:00,0.0265743
2026-03-26,2026-03-16T16:00:00,2028-04-18T00:00:00,0.0266265
2026-03-26,2026-03-16T16:00:00,2028-05-18T00:00:00,0.0266824
2026-03-26,2026-03-16T16:00:00,2028-06-19T00:00:00,0.0267432
2026-03-26,2026-03-16T16:00:00,2028-07-18T00:00:00,0.0267985
2026-03-26,2026-03-16T16:00:00,2028-08-18T00:00:00,0.0268577
2026-03-26,2026-03-16T16:00:00,2028-09-18T00:00:00,0.0269173
2026-03-26,2026-03-16T16:00:00,2028-10-18T00:00:00,0.0269754
2026-03-26,2026-03-16T16:00:00,2028-11-20T00:00:00,0.0270399
2026-03-26,2026-03-16T16:00:00,2028-12-18T00:00:00,0.0270953
2026-03-26,2026-03-16T16:00:00,2029-01-18T00:00:00,0.0271574
2026-03-26,2026-03-16T16:00:00,2029-02-19T00:00:00,0.0272226
2026-03-26,2026-03-16T16:00:00,2029-03-19T00:00:00,0.0272806
2026-03-26,2026-03-16T16:00:00,2029-04-18T00:00:00,0.0273439
2026-03-26,2026-03-16T16:00:00,2029-05-18T00:00:00,0.0274085
2026-03-26,2026-03-16T16:00:00,2029-06-18T00:00:00,0.0274768
2026-03-26,2026-03-16T16:00:00,2029-07-18T00:00:00,0.0275445
2026-03-26,2026-03-16T16:00:00,2029-08-20T00:00:00,0.0276209
2026-03-26,2026-03-16T16:00:00,2029-09-18T00:00:00,0.0276898
2026-03-26,2026-03-16T16:00:00,2029-10-18T00:00:00,0.0277631
2026-03-26,2026-03-16T16:00:00,2029-11-19T00:00:00,0.0278435
2026-03-26,2026-03-16T16:00:00,2029-12-18T00:00:00,0.0279185
2026-03-26,2026-03-16T16:00:00,2030-01-18T00:00:00,0.0280011
2026-03-26,2026-03-16T16:00:00,2030-02-18T00:00:00,0.028086
2026-03-26,2026-03-16T16:00:00,2030-03-18T00:00:00,0.0281646
2026-03-26,2026-03-16T16:00:00,2030-04-18T00:00:00,0.0282536
2026-03-26,2026-03-16T16:00:00,2030-05-20T00:00:00,0.0283474
2026-03-26,2026-03-16T16:00:00,2030-06-18T00:00:00,0.0284341
2026-03-26,2026-03-16T16:00:00,2030-07-18T00:00:00,0.0285253
2026-03-26,2026-03-16T16:00:00,2030-08-19T00:00:00,0.028624
2026-03-26,2026-03-16T16:00:00,2030-09-18T00:00:00,0.0287179
2026-03-26,2026-03-16T16:00:00,2030-10-18T00:00:00,0.028813
2026-03-26,2026-03-16T16:00:00,2030-11-18T00:00:00,0.0289122
2026-03-26,2026-03-16T16:00:00,2030-12-18T00:00:00,0.0290091
2026-03-26,2026-03-16T16:00:00,2031-01-20T00:00:00,0.0291165
2026-03-26,2026-03-16T16:00:00,2031-02-18T00:00:00,0.0292115
2026-03-26,2026-03-16T16:00:00,2031-03-18T00:00:00,0.0293037
2026-03-26,2026-03-16T16:00:00,2031-04-18T00:00:00,0.029406
2026-03-26,2026-03-16T16:00:00,2031-05-19T00:00:00,0.0295085
2026-03-26,2026-03-16T16:00:00,2031-06-18T00:00:00,0.0296078
2026-03-26,2026-03-16T16:00:00,2031-07-18T00:00:00,0.0297071
2026-03-26,2026-03-16T16:00:00,2031-08-18T00:00:00,0.0298094
2026-03-26,2026-03-16T16:00:00,2031-09-18T00:00:00,0.0299114
2026-03-26,2026-03-16T16:00:00,2031-10-20T00:00:00,0.0300161
2026-03-26,2026-03-16T16:00:00,2031-11-18T00:00:00,0.0301104
2026-03-26,2026-03-16T16:00:00,2031-12-18T00:00:00,0.0302072
2026-03-26,2026-03-16T16:00:00,2032-01-19T00:00:00,0.0303096
2026-03-26,2026-03-16T16:00:00,2032-02-18T00:00:00,0.0304047
2026-03-26,2026-03-16T16:00:00,2032-03-18T00:00:00,0.0304958
2026-03-26,2026-03-16T16:00:00,2032-04-19T00:00:00,0.0305954
2026-03-26,2026-03-16T16:00:00,2032-05-18T00:00:00,0.0306849
2026-03-26,2026-03-16T16:00:00,2032-06-18T00:00:00,0.0307797
2026-03-26,2026-03-16T16:00:00,2032-07-19T00:00:00,0.0308738
2026-03-26,2026-03-16T16:00:00,2032-08-18T00:00:00,0.030964
2026-03-26,2026-03-16T16:00:00,2032-09-20T00:00:00,0.0310623
2026-03-26,2026-03-16T16:00:00,2032-10-18T00:00:00,0.0311451
2026-03-26,2026-03-16T16:00:00,2032-11-18T00:00:00,0.031236
2026-03-26,2026-03-16T16:00:00,2032-12-20T00:00:00,0.031329
2026-03-26,2026-03-16T16:00:00,2033-01-18T00:00:00,0.0314126
2026-03-26,2026-03-16T16:00:00,2033-02-18T00:00:00,0.0315013
2026-03-26,2026-03-16T16:00:00,2033-03-18T00:00:00,0.0315808
2026-03-26,2026-03-16T16:00:00,2033-04-19T00:00:00,0.031671
2026-03-26,2026-03-16T16:00:00,2033-05-18T00:00:00,0.0317521
2026-03-26,2026-03-16T16:00:00,2033-06-20T00:00:00,0.0318436
2026-03-26,2026-03-16T16:00:00,2033-07-18T00:00:00,0.0319208
2026-03-26,2026-03-16T16:00:00,2033-08-18T00:00:00,0.0320056
2026-03-26,2026-03-16T16:00:00,2033-09-19T00:00:00,0.0320925
2026-03-26,2026-03-16T16:00:00,2033-10-18T00:00:00,0.0321707
2026-03-26,2026-03-16T16:00:00,2033-11-18T00:00:00,0.0322537
2026-03-26,2026-03-16T16:00:00,2033-12-19T00:00:00,0.0323361
2026-03-26,2026-03-16T16:00:00,2034-01-18T00:00:00,0.0324154
2026-03-26,2026-03-16T16:00:00,2034-02-20T00:00:00,0.032502
2026-03-26,2026-03-16T16:00:00,2034-03-20T00:00:00,0.0325751
2026-03-26,2026-03-16T16:00:00,2034-04-18T00:00:00,0.0326503
2026-03-26,2026-03-16T16:00:00,2034-05-18T00:00:00,0.0327277
2026-03-26,2026-03-16T16:00:00,2034-06-19T00:00:00,0.0328097
2026-03-26,2026-03-16T16:00:00,2034-07-18T00:00:00,0.0328836
2026-03-26,2026-03-16T16:00:00,2034-08-18T00:00:00,0.0329621
2026-03-26,2026-03-16T16:00:00,2034-09-18T00:00:00,0.0330401
2026-03-26,2026-03-16T16:00:00,2034-10-18T00:00:00,0.0331149
2026-03-26,2026-03-16T16:00:00,2034-11-20T00:00:00,0.0331963
2026-03-26,2026-03-16T16:00:00,2034-12-18T00:00:00,0.0332648
2026-03-26,2026-03-16T16:00:00,2035-01-18T00:00:00,0.0333398
2026-03-26,2026-03-16T16:00:00,2035-02-19T00:00:00,0.0334162
2026-03-26,2026-03-16T16:00:00,2035-03-19T00:00:00,0.0334822
2026-03-26,2026-03-16T16:00:00,2035-04-18T00:00:00,0.033552
2026-03-26,2026-03-16T16:00:00,2035-05-18T00:00:00,0.0336207
2026-03-26,2026-03-16T16:00:00,2035-06-18T00:00:00,0.0336906
2026-03-26,2026-03-16T16:00:00,2035-07-18T00:00:00,0.033757
2026-03-26,2026-03-16T16:00:00,2035-08-20T00:00:00,0.0338287
2026-03-26,2026-03-16T16:00:00,2035-09-18T00:00:00,0.0338904
2026-03-26,2026-03-16T16:00:00,2035-10-18T00:00:00,0.0339529
2026-03-26,2026-03-16T16:00:00,2035-11-19T00:00:00,0.034018
2026-03-26,2026-03-16T16:00:00,2035-12-18T00:00:00,0.0340756
2026-03-26,2026-03-16T16:00:00,2036-01-18T00:00:00,0.0341356
2026-03-26,2026-03-16T16:00:00,2036-02-18T00:00:00,0.0341938
2026-03-26,2026-03-16T16:00:00,2036-03-18T00:00:00,0.0342467
2026-03-27,2026-03-16T16:00:00,2026-03-18T00:00:00,0.02312
2026-03-27,2026-03-16T16:00:00,2026-04-20T00:00:00,0.0236693
2026-03-27,2026-03-16T16:00:00,2026-05-18T00:00:00,0.0241234
2026-03-27,2026-03-16T16:00:00,2026-06-18T00:00:00,0.0246007
2026-03-27,2026-03-16T16:00:00,2026-07-20T00:00:00,0.0250517
2026-03-27,2026-03-16T16:00:00,2026-08-18T00:00:00,0.0254116
2026-03-27,2026-03-16T16:00:00,2026-09-18T00:00:00,0.0257323
2026-03-27,2026-03-16T16:00:00,2026-10-19T00:00:00,0.0259777
2026-03-27,2026-03-16T16:00:00,2026-11-18T00:00:00,0.0261494
2026-03-27,2026-03-16T16:00:00,2026-12-18T00:00:00,0.026266
2026-03-27,2026-03-16T16:00:00,2027-01-18T00:00:00,0.0263385
2026-03-27,2026-03-16T16:00:00,2027-02-18T00:00:00,0.0263724
2026-03-27,2026-03-16T16:00:00,2027-03-18T00:00:00,0.0263785
2026-03-27,2026-03-16T16:00:00,2027-04-19T00:00:00,0.0263672
2026-03-27,2026-03-16T16:00:00,2027-05-18T00:00:00,0.026349
2026-03-27,2026-03-16T16:00:00,2027-06-18T00:00:00,0.0263313
2026-03-27,2026-03-16T16:00:00,2027-07-19T00:00:00,0.0263237
2026-03-27,2026-03-16T16:00:00,2027-08-18T00:00:00,0.026327
2026-03-27,2026-03-16T16:00:00,2027-09-20T00:00:00,0.0263417
2026-03-27,2026-03-16T16:00:00,2027-10-18T00:00:00,0.0263623
2026-03-27,2026-03-16T16:00:00,2027-11-18T00:00:00,0.0263928
2026-03-27,2026-03-16T16:00:00,2027-12-20T00:00:00,0.0264318
2026-03-27,2026-03-16T16:00:00,2028-01-18T00:00:00,0.0264728
2026-03-27,2026-03-16T16:00:00,2028-02-18T00:00:00,0.0265215
2026-03-27,2026-03-16T16:00:00,2028-03-20T00:00:00,0.0265743
2026-03-27,2026-03-16T16:00:00,2028-04-18T00:00:00,0.0266265
2026-03-27,2026-03-16T16:00:00,2028-05-18T00:00:00,0.0266824
2026-03-27,2026-03-16T16:00:00,2028-06-19T00:00:00,0.0267432
2026-03-27,2026-03-16T16:00:00,2028-07-18T00:00:00,0.0267985
2026-03-27,2026-03-16T16:00:00,2028-08-18T00:00:00,0.0268577
2026-03-27,2026-03-16T16:00:00,2028-09-18T00:00:00,0.0269173
2026-03-27,2026-03-16T16:00:00,2028-10-18T00:00:00,0.0269754
2026-03-27,2026-03-16T16:00:00,2028-11-20T00:00:00,0.0270399
2026-03-27,2026-03-16T16:00:00,2028-12-18T00:00:00,0.0270953
2026-03-27,2026-03-16T16:00:00,2029-01-18T00:00:00,0.0271574
2026-03-27,2026-03-16T16:00:00,2029-02-19T00:00:00,0.0272226
2026-03-27,2026-03-16T16:00:00,2029-03-19T00:00:00,0.0272806
2026-03-27,2026-03-16T16:00:00,2029-04-18T00:00:00,0.0273439
2026-03-27,2026-03-16T16:00:00,2029-05-18T00:00:00,0.0274085
2026-03-27,2026-03-16T16:00:00,2029-06-18T00:00:00,0.0274768
2026-03-27,2026-03-16T16:00:00,2029-07-18T00:00:00,0.0275445
2026-03-27,2026-03-16T16:00:00,2029-08-20T00:00:00,0.0276209
2026-03-27,2026-03-16T16:00:00,2029-09-18T00:00:00,0.0276898
2026-03-27,2026-03-16T16:00:00,2029-10-18T00:00:00,0.0277631
2026-03-27,2026-03-16T16:00:00,2029-11-19T00:00:00,0.0278435
2026-03-27,2026-03-16T16:00:00,2029-12-18T00:00:00,0.0279185
2026-03-27,2026-03-16T16:00:00,2030-01-18T00:00:00,0.0280011
2026-03-27,2026-03-16T16:00:00,2030-02-18T00:00:00,0.028086
2026-03-27,2026-03-16T16:00:00,2030-03-18T00:00:00,0.0281646
2026-03-27,2026-03-16T16:00:00,2030-04-18T00:00:00,0.0282536
2026-03-27,2026-03-16T16:00:00,2030-05-20T00:00:00,0.0283474
2026-03-27,2026-03-16T16:00:00,2030-06-18T00:00:00,0.0284341
2026-03-27,2026-03-16T16:00:00,2030-07-18T00:00:00,0.0285253
2026-03-27,2026-03-16T16:00:00,2030-08-19T00:00:00,0.028624
2026-03-27,2026-03-16T16:00:00,2030-09-18T00:00:00,0.0287179
2026-03-27,2026-03-16T16:00:00,2030-10-18T00:00:00,0.028813
2026-03-27,2026-03-16T16:00:00,2030-11-18T00:00:00,0.0289122
2026-03-27,2026-03-16T16:00:00,2030-12-18T00:00:00,0.0290091
2026-03-27,2026-03-16T16:00:00,2031-01-20T00:00:00,0.0291165
2026-03-27,2026-03-16T16:00:00,2031-02-18T00:00:00,0.0292115
2026-03-27,2026-03-16T16:00:00,2031-03-18T00:00:00,0.0293037
2026-03-27,2026-03-16T16:00:00,2031-04-18T00:00:00,0.029406
2026-03-27,2026-03-16T16:00:00,2031-05-19T00:00:00,0.0295085
2026-03-27,2026-03-16T16:00:00,2031-06-18T00:00:00,0.0296078
2026-03-27,2026-03-16T16:00:00,2031-07-18T00:00:00,0.0297071
2026-03-27,2026-03-16T16:00:00,2031-08-18T00:00:00,0.0298094
2026-03-27,2026-03-16T16:00:00,2031-09-18T00:00:00,0.0299114
2026-03-27,2026-03-16T16:00:00,2031-10-20T00:00:00,0.0300161
2026-03-27,2026-03-16T16:00:00,2031-11-18T00:00:00,0.0301104
2026-03-27,2026-03-16T16:00:00,2031-12-18T00:00:00,0.0302072
2026-03-27,2026-03-16T16:00:00,2032-01-19T00:00:00,0.0303096
2026-03-27,2026-03-16T16:00:00,2032-02-18T00:00:00,0.0304047
2026-03-27,2026-03-16T16:00:00,2032-03-18T00:00:00,0.0304958
2026-03-27,2026-03-16T16:00:00,2032-04-19T00:00:00,0.0305954
2026-03-27,2026-03-16T16:00:00,2032-05-18T00:00:00,0.0306849
2026-03-27,2026-03-16T16:00:00,2032-06-18T00:00:00,0.0307797
2026-03-27,2026-03-16T16:00:00,2032-07-19T00:00:00,0.0308738
2026-03-27,2026-03-16T16:00:00,2032-08-18T00:00:00,0.030964
2026-03-27,2026-03-16T16:00:00,2032-09-20T00:00:00,0.0310623
2026-03-27,2026-03-16T16:00:00,2032-10-18T00:00:00,0.0311451
2026-03-27,2026-03-16T16:00:00,2032-11-18T00:00:00,0.031236
2026-03-27,2026-03-16T16:00:00,2032-12-20T00:00:00,0.031329
2026-03-27,2026-03-16T16:00:00,2033-01-18T00:00:00,0.0314126
2026-03-27,2026-03-16T16:00:00,2033-02-18T00:00:00,0.0315013
2026-03-27,2026-03-16T16:00:00,2033-03-18T00:00:00,0.0315808
2026-03-27,2026-03-16T16:00:00,2033-04-19T00:00:00,0.031671
2026-03-27,2026-03-16T16:00:00,2033-05-18T00:00:00,0.0317521
2026-03-27,2026-03-16T16:00:00,2033-06-20T00:00:00,0.0318436
2026-03-27,2026-03-16T16:00:00,2033-07-18T00:00:00,0.0319208
2026-03-27,2026-03-16T16:00:00,2033-08-18T00:00:00,0.0320056
2026-03-27,2026-03-16T16:00:00,2033-09-19T00:00:00,0.0320925
2026-03-27,2026-03-16T16:00:00,2033-10-18T00:00:00,0.0321707
2026-03-27,2026-03-16T16:00:00,2033-11-18T00:00:00,0.0322537
2026-03-27,2026-03-16T16:00:00,2033-12-19T00:00:00,0.0323361
2026-03-27,2026-03-16T16:00:00,2034-01-18T00:00:00,0.0324154
2026-03-27,2026-03-16T16:00:00,2034-02-20T00:00:00,0.032502
2026-03-27,2026-03-16T16:00:00,2034-03-20T00:00:00,0.0325751
2026-03-27,2026-03-16T16:00:00,2034-04-18T00:00:00,0.0326503
2026-03-27,2026-03-16T16:00:00,2034-05-18T00:00:00,0.0327277
2026-03-27,2026-03-16T16:00:00,2034-06-19T00:00:00,0.0328097
2026-03-27,2026-03-16T16:00:00,2034-07-18T00:00:00,0.0328836
2026-03-27,2026-03-16T16:00:00,2034-08-18T00:00:00,0.0329621
2026-03-27,2026-03-16T16:00:00,2034-09-18T00:00:00,0.0330401
2026-03-27,2026-03-16T16:00:00,2034-10-18T00:00:00,0.0331149
2026-03-27,2026-03-16T16:00:00,2034-11-20T00:00:00,0.0331963
2026-03-27,2026-03-16T16:00:00,2034-12-18T00:00:00,0.0332648
2026-03-27,2026-03-16T16:00:00,2035-01-18T00:00:00,0.0333398
2026-03-27,2026-03-16T16:00:00,2035-02-19T00:00:00,0.0334162
2026-03-27,2026-03-16T16:00:00,2035-03-19T00:00:00,0.0334822
2026-03-27,2026-03-16T16:00:00,2035-04-18T00:00:00,0.033552
2026-03-27,2026-03-16T16:00:00,2035-05-18T00:00:00,0.0336207
2026-03-27,2026-03-16T16:00:00,2035-06-18T00:00:00,0.0336906
2026-03-27,2026-03-16T16:00:00,2035-07-18T00:00:00,0.033757
2026-03-27,2026-03-16T16:00:00,2035-08-20T00:00:00,0.0338287
2026-03-27,2026-03-16T16:00:00,2035-09-18T00:00:00,0.0338904
2026-03-27,2026-03-16T16:00:00,2035-10-18T00:00:00,0.0339529
2026-03-27,2026-03-16T16:00:00,2035-11-19T00:00:00,0.034018
2026-03-27,2026-03-16T16:00:00,2035-12-18T00:00:00,0.0340756
2026-03-27,2026-03-16T16:00:00,2036-01-18T00:00:00,0.0341356
2026-03-27,2026-03-16T16:00:00,2036-02-18T00:00:00,0.0341938
2026-03-27,2026-03-16T16:00:00,2036-03-18T00:00:00,0.0342467
2026-03-30,2026-03-23T16:00:00,2026-03-25T00:00:00,0.02468
2026-03-30,2026-03-23T16:00:00,2026-04-27T00:00:00,0.0254609
2026-03-30,2026-03-23T16:00:00,2026-05-25T00:00:00,0.0261026
2026-03-30,2026-03-23T16:00:00,2026-06-25T00:00:00,0.0267687
2026-03-30,2026-03-23T16:00:00,2026-07-27T00:00:00,0.0273837
2026-03-30,2026-03-23T16:00:00,2026-08-25T00:00:00,0.027856
2026-03-30,2026-03-23T16:00:00,2026-09-25T00:00:00,0.0282493
2026-03-30,2026-03-23T16:00:00,2026-10-26T00:00:00,0.0285115
2026-03-30,2026-03-23T16:00:00,2026-11-25T00:00:00,0.0286519
2026-03-30,2026-03-23T16:00:00,2026-12-28T00:00:00,0.0286986
2026-03-30,2026-03-23T16:00:00,2027-01-25T00:00:00,0.0286665
2026-03-30,2026-03-23T16:00:00,2027-02-25T00:00:00,0.0285722
2026-03-30,2026-03-23T16:00:00,2027-03-25T00:00:00,0.0284494
2026-03-30,2026-03-23T16:00:00,2027-04-26T00:00:00,0.0282843
2026-03-30,2026-03-23T16:00:00,2027-05-25T00:00:00,0.0281287
2026-03-30,2026-03-23T16:00:00,2027-06-25T00:00:00,0.0279745
2026-03-30,2026-03-23T16:00:00,2027-07-26T00:00:00,0.0278485
2026-03-30,2026-03-23T16:00:00,2027-08-25T00:00:00,0.0277545
2026-03-30,2026-03-23T16:00:00,2027-09-27T00:00:00,0.02768
2026-03-30,2026-03-23T16:00:00,2027-10-25T00:00:00,0.027638
2026-03-30,2026-03-23T16:00:00,2027-11-25T00:00:00,0.0276117
2026-03-30,2026-03-23T16:00:00,2027-12-27T00:00:00,0.0276039
2026-03-30,2026-03-23T16:00:00,2028-01-25T00:00:00,0.0276114
2026-03-30,2026-03-23T16:00:00,2028-02-25T00:00:00,0.027632
2026-03-30,2026-03-23T16:00:00,2028-03-27T00:00:00,0.027663
2026-03-30,2026-03-23T16:00:00,2028-04-25T00:00:00,0.0276989
2026-03-30,2026-03-23T16:00:00,2028-05-25T00:00:00,0.0277407
2026-03-30,2026-03-23T16:00:00,2028-06-26T00:00:00,0.0277875
2026-03-30,2026-03-23T16:00:00,2028-07-25T00:00:00,0.02783
2026-03-30,2026-03-23T16:00:00,2028-08-25T00:00:00,0.0278751
2026-03-30,2026-03-23T16:00:00,2028-09-25T00:00:00,0.0279199
2026-03-30,2026-03-23T16:00:00,2028-10-25T00:00:00,0.0279633
2026-03-30,2026-03-23T16:00:00,2028-11-27T00:00:00,0.028011
2026-03-30,2026-03-23T16:00:00,2028-12-27T00:00:00,0.0280546
2026-03-30,2026-03-23T16:00:00,2029-01-25T00:00:00,0.0280971
2026-03-30,2026-03-23T16:00:00,2029-02-26T00:00:00,0.0281446
2026-03-30,2026-03-23T16:00:00,2029-03-26T00:00:00,0.0281866
2026-03-30,2026-03-23T16:00:00,2029-04-25T00:00:00,0.0282324
2026-03-30,2026-03-23T16:00:00,2029-05-25T00:00:00,0.028279
2026-03-30,2026-03-23T16:00:00,2029-06-25T00:00:00,0.0283283
2026-03-30,2026-03-23T16:00:00,2029-07-25T00:00:00,0.0283771
2026-03-30,2026-03-23T16:00:00,2029-08-27T00:00:00,0.0284324
2026-03-30,2026-03-23T16:00:00,2029-09-25T00:00:00,0.0284823
2026-03-30,2026-03-23T16:00:00,2029-10-25T00:00:00,0.0285355
2026-03-30,2026-03-23T16:00:00,2029-11-26T00:00:00,0.0285941
2026-03-30,2026-03-23T16:00:00,2029-12-27T00:00:00,0.0286528
2026-03-30,2026-03-23T16:00:00,2030-01-25T00:00:00,0.0287096
2026-03-30,2026-03-23T16:00:00,2030-02-25T00:00:00,0.0287723
2026-03-30,2026-03-23T16:00:00,2030-03-25T00:00:00,0.0288305
2026-03-30,2026-03-23T16:00:00,2030-04-25T00:00:00,0.0288967
2026-03-30,2026-03-23T16:00:00,2030-05-27T00:00:00,0.028967
2026-03-30,2026-03-23T16:00:00,2030-06-25T00:00:00,0.0290322
2026-03-30,2026-03-23T16:00:00,2030-07-25T00:00:00,0.0291011
2026-03-30,2026-03-23T16:00:00,2030-08-26T00:00:00,0.0291762
2026-03-30,2026-03-23T16:00:00,2030-09-25T00:00:00,0.0292479
2026-03-30,2026-03-23T16:00:00,2030-10-25T00:00:00,0.029321
2026-03-30,2026-03-23T16:00:00,2030-11-25T00:00:00,0.0293978
2026-03-30,2026-03-23T16:00:00,2030-12-27T00:00:00,0.0294782
2026-03-30,2026-03-23T16:00:00,2031-01-27T00:00:00,0.0295574
2026-03-30,2026-03-23T16:00:00,2031-02-25T00:00:00,0.0296323
2026-03-30,2026-03-23T16:00:00,2031-03-25T00:00:00,0.0297055
2026-03-30,2026-03-23T16:00:00,2031-04-25T00:00:00,0.0297873
2026-03-30,2026-03-23T16:00:00,2031-05-26T00:00:00,0.02987
2026-03-30,2026-03-23T16:00:00,2031-06-25T00:00:00,0.0299506
2026-03-30,2026-03-23T16:00:00,2031-07-25T00:00:00,0.0300319
2026-03-30,2026-03-23T16:00:00,2031-08-25T00:00:00,0.0301164
2026-03-30,2026-03-23T16:00:00,2031-09-25T00:00:00,0.0302014
2026-03-30,2026-03-23T16:00:00,2031-10-27T00:00:00,0.0302896
2026-03-30,2026-03-23T16:00:00,2031-11-25T00:00:00,0.0303698
2026-03-30,2026-03-23T16:00:00,2031-12-29T00:00:00,0.0304641
2026-03-30,2026-03-23T16:00:00,2032-01-26T00:00:00,0.0305419
2026-03-30,2026-03-23T16:00:00,2032-02-25T00:00:00,0.0306254
2026-03-30,2026-03-23T16:00:00,2032-03-25T00:00:00,0.0307062
2026-03-30,2026-03-23T16:00:00,2032-04-26T00:00:00,0.0307954
2026-03-30,2026-03-23T16:00:00,2032-05-25T00:00:00,0.0308762
2026-03-30,2026-03-23T16:00:00,2032-06-25T00:00:00,0.0309627
2026-03-30,2026-03-23T16:00:00,2032-07-26T00:00:00,0.031049
2026-03-30,2026-03-23T16:00:00,2032-08-25T00:00:00,0.0311326
2026-03-30,2026-03-23T16:00:00,2032-09-27T00:00:00,0.0312243
2026-03-30,2026-03-23T16:00:00,2032-10-25T00:00:00,0.031302
2026-03-30,2026-03-23T16:00:00,2032-11-25T00:00:00,0.0313879
2026-03-30,2026-03-23T16:00:00,2032-12-27T00:00:00,0.0314763
2026-03-30,2026-03-23T16:00:00,2033-01-25T00:00:00,0.0315562
2026-03-30,2026-03-23T16:00:00,2033-02-25T00:00:00,0.0316414
2026-03-30,2026-03-23T16:00:00,2033-03-25T00:00:00,0.031718
2026-03-30,2026-03-23T16:00:00,2033-04-25T00:00:00,0.0318025
2026-03-30,2026-03-23T16:00:00,2033-05-25T00:00:00,0.0318839
2026-03-30,2026-03-23T16:00:00,2033-06-27T00:00:00,0.031973
2026-03-30,2026-03-23T16:00:00,2033-07-25T00:00:00,0.0320482
2026-03-30,2026-03-23T16:00:00,2033-08-25T00:00:00,0.0321309
2026-03-30,2026-03-23T16:00:00,2033-09-26T00:00:00,0.0322158
2026-03-30,2026-03-23T16:00:00,2033-10-25T00:00:00,0.0322923
2026-03-30,2026-03-23T16:00:00,2033-11-25T00:00:00,0.0323734
2026-03-30,2026-03-23T16:00:00,2033-12-27T00:00:00,0.0324565
2026-03-30,2026-03-23T16:00:00,2034-01-25T00:00:00,0.0325312
2026-03-30,2026-03-23T16:00:00,2034-02-27T00:00:00,0.0326155
2026-03-30,2026-03-23T16:00:00,2034-03-27T00:00:00,0.0326863
2026-03-30,2026-03-23T16:00:00,2034-04-25T00:00:00,0.032759
2026-03-30,2026-03-23T16:00:00,2034-05-25T00:00:00,0.0328335
2026-03-30,2026-03-23T16:00:00,2034-06-26T00:00:00,0.0329121
2026-03-30,2026-03-23T16:00:00,2034-07-25T00:00:00,0.0329826
2026-03-30,2026-03-23T16:00:00,2034-08-25T00:00:00,0.033057
2026-03-30,2026-03-23T16:00:00,2034-09-25T00:00:00,0.0331305
2026-03-30,2026-03-23T16:00:00,2034-10-25T00:00:00,0.0332007
2026-03-30,2026-03-23T16:00:00,2034-11-27T00:00:00,0.0332768
2026-03-30,2026-03-23T16:00:00,2034-12-27T00:00:00,0.033345
2026-03-30,2026-03-23T16:00:00,2035-01-25T00:00:00,0.0334099
2026-03-30,2026-03-23T16:00:00,2035-02-26T00:00:00,0.0334804
2026-03-30,2026-03-23T16:00:00,2035-03-27T00:00:00,0.0335432
2026-03-30,2026-03-23T16:00:00,2035-04-25T00:00:00,0.033605
2026-03-30,2026-03-23T16:00:00,2035-05-25T00:00:00,0.0336678
2026-03-30,2026-03-23T16:00:00,2035-06-25T00:00:00,0.0337314
2026-03-30,2026-03-23T16:00:00,2035-07-25T00:00:00,0.0337917
2026-03-30,2026-03-23T16:00:00,2035-08-27T00:00:00,0.0338566
2026-03-30,2026-03-23T16:00:00,2035-09-25T00:00:00,0.0339124
2026-03-30,2026-03-23T16:00:00,2035-10-25T00:00:00,0.0339688
2026-03-30,2026-03-23T16:00:00,2035-11-26T00:00:00,0.0340274
2026-03-30,2026-03-23T16:00:00,2035-12-27T00:00:00,0.0340827
2026-03-30,2026-03-23T16:00:00,2036-01-25T00:00:00,0.034133
2026-03-30,2026-03-23T16:00:00,2036-02-25T00:00:00,0.0341853
2026-03-30,2026-03-23T16:00:00,2036-03-25T00:00:00,0.0342328
2026-03-31,2026-03-23T16:00:00,2026-03-25T00:00:00,0.02468
2026-03-31,2026-03-23T16:00:00,2026-04-27T00:00:00,0.0254609
2026-03-31,2026-03-23T16:00:00,2026-05-25T00:00:00,0.0261026
2026-03-31,2026-03-23T16:00:00,2026-06-25T00:00:00,0.0267687
2026-03-31,2026-03-23T16:00:00,2026-07-27T00:00:00,0.0273837
2026-03-31,2026-03-23T16:00:00,2026-08-25T00:00:00,0.027856
2026-03-31,2026-03-23T16:00:00,2026-09-25T00:00:00,0.0282493
2026-03-31,2026-03-23T16:00:00,2026-10-26T00:00:00,0.0285115
2026-03-31,2026-03-23T16:00:00,2026-11-25T00:00:00,0.0286519
2026-03-31,2026-03-23T16:00:00,2026-12-28T00:00:00,0.0286986
2026-03-31,2026-03-23T16:00:00,2027-01-25T00:00:00,0.0286665
2026-03-31,2026-03-23T16:00:00,2027-02-25T00:00:00,0.0285722
2026-03-31,2026-03-23T16:00:00,2027-03-25T00:00:00,0.0284494
2026-03-31,2026-03-23T16:00:00,2027-04-26T00:00:00,0.0282843
2026-03-31,2026-03-23T16:00:00,2027-05-25T00:00:00,0.0281287
2026-03-31,2026-03-23T16:00:00,2027-06-25T00:00:00,0.0279745
2026-03-31,2026-03-23T16:00:00,2027-07-26T00:00:00,0.0278485
2026-03-31,2026-03-23T16:00:00,2027-08-25T00:00:00,0.0277545
2026-03-31,2026-03-23T16:00:00,2027-09-27T00:00:00,0.02768
2026-03-31,2026-03-23T16:00:00,2027-10-25T00:00:00,0.027638
2026-03-31,2026-03-23T16:00:00,2027-11-25T00:00:00,0.0276117
2026-03-31,2026-03-23T16:00:00,2027-12-27T00:00:00,0.0276039
2026-03-31,2026-03-23T16:00:00,2028-01-25T00:00:00,0.0276114
2026-03-31,2026-03-23T16:00:00,2028-02-25T00:00:00,0.027632
2026-03-31,2026-03-23T16:00:00,2028-03-27T00:00:00,0.027663
2026-03-31,2026-03-23T16:00:00,2028-04-25T00:00:00,0.0276989
2026-03-31,2026-03-23T16:00:00,2028-05-25T00:00:00,0.0277407
2026-03-31,2026-03-23T16:00:00,2028-06-26T00:00:00,0.0277875
2026-03-31,2026-03-23T16:00:00,2028-07-25T00:00:00,0.02783
2026-03-31,2026-03-23T16:00:00,2028-08-25T00:00:00,0.0278751
2026-03-31,2026-03-23T16:00:00,2028-09-25T00:00:00,0.0279199
2026-03-31,2026-03-23T16:00:00,2028-10-25T00:00:00,0.0279633
2026-03-31,2026-03-23T16:00:00,2028-11-27T00:00:00,0.028011
2026-03-31,2026-03-23T16:00:00,2028-12-27T00:00:00,0.0280546
2026-03-31,2026-03-23T16:00:00,2029-01-25T00:00:00,0.0280971
2026-03-31,2026-03-23T16:00:00,2029-02-26T00:00:00,0.0281446
2026-03-31,2026-03-23T16:00:00,2029-03-26T00:00:00,0.0281866
2026-03-31,2026-03-23T16:00:00,2029-04-25T00:00:00,0.0282324
2026-03-31,2026-03-23T16:00:00,2029-05-25T00:00:00,0.028279
2026-03-31,2026-03-23T16:00:00,2029-06-25T00:00:00,0.0283283
2026-03-31,2026-03-23T16:00:00,2029-07-25T00:00:00,0.0283771
2026-03-31,2026-03-23T16:00:00,2029-08-27T00:00:00,0.0284324
2026-03-31,2026-03-23T16:00:00,2029-09-25T00:00:00,0.0284823
2026-03-31,2026-03-23T16:00:00,2029-10-25T00:00:00,0.0285355
2026-03-31,2026-03-23T16:00:00,2029-11-26T00:00:00,0.0285941
2026-03-31,2026-03-23T16:00:00,2029-12-27T00:00:00,0.0286528
2026-03-31,2026-03-23T16:00:00,2030-01-25T00:00:00,0.0287096
2026-03-31,2026-03-23T16:00:00,2030-02-25T00:00:00,0.0287723
2026-03-31,2026-03-23T16:00:00,2030-03-25T00:00:00,0.0288305
2026-03-31,2026-03-23T16:00:00,2030-04-25T00:00:00,0.0288967
2026-03-31,2026-03-23T16:00:00,2030-05-27T00:00:00,0.028967
2026-03-31,2026-03-23T16:00:00,2030-06-25T00:00:00,0.0290322
2026-03-31,2026-03-23T16:00:00,2030-07-25T00:00:00,0.0291011
2026-03-31,2026-03-23T16:00:00,2030-08-26T00:00:00,0.0291762
2026-03-31,2026-03-23T16:00:00,2030-09-25T00:00:00,0.0292479
2026-03-31,2026-03-23T16:00:00,2030-10-25T00:00:00,0.029321
2026-03-31,2026-03-23T16:00:00,2030-11-25T00:00:00,0.0293978
2026-03-31,2026-03-23T16:00:00,2030-12-27T00:00:00,0.0294782
2026-03-31,2026-03-23T16:00:00,2031-01-27T00:00:00,0.0295574
2026-03-31,2026-03-23T16:00:00,2031-02-25T00:00:00,0.0296323
2026-03-31,2026-03-23T16:00:00,2031-03-25T00:00:00,0.0297055
2026-03-31,2026-03-23T16:00:00,2031-04-25T00:00:00,0.0297873
2026-03-31,2026-03-23T16:00:00,2031-05-26T00:00:00,0.02987
2026-03-31,2026-03-23T16:00:00,2031-06-25T00:00:00,0.0299506
2026-03-31,2026-03-23T16:00:00,2031-07-25T00:00:00,0.0300319
2026-03-31,2026-03-23T16:00:00,2031-08-25T00:00:00,0.0301164
2026-03-31,2026-03-23T16:00:00,2031-09-25T00:00:00,0.0302014
2026-03-31,2026-03-23T16:00:00,2031-10-27T00:00:00,0.0302896
2026-03-31,2026-03-23T16:00:00,2031-11-25T00:00:00,0.0303698
2026-03-31,2026-03-23T16:00:00,2031-12-29T00:00:00,0.0304641
2026-03-31,2026-03-23T16:00:00,2032-01-26T00:00:00,0.0305419
2026-03-31,2026-03-23T16:00:00,2032-02-25T00:00:00,0.0306254
2026-03-31,2026-03-23T16:00:00,2032-03-25T00:00:00,0.0307062
2026-03-31,2026-03-23T16:00:00,2032-04-26T00:00:00,0.0307954
2026-03-31,2026-03-23T16:00:00,2032-05-25T00:00:00,0.0308762
2026-03-31,2026-03-23T16:00:00,2032-06-25T00:00:00,0.0309627
2026-03-31,2026-03-23T16:00:00,2032-07-26T00:00:00,0.031049
2026-03-31,2026-03-23T16:00:00,2032-08-25T00:00:00,0.0311326
2026-03-31,2026-03-23T16:00:00,2032-09-27T00:00:00,0.0312243
2026-03-31,2026-03-23T16:00:00,2032-10-25T00:00:00,0.031302
2026-03-31,2026-03-23T16:00:00,2032-11-25T00:00:00,0.0313879
2026-03-31,2026-03-23T16:00:00,2032-12-27T00:00:00,0.0314763
2026-03-31,2026-03-23T16:00:00,2033-01-25T00:00:00,0.0315562
2026-03-31,2026-03-23T16:00:00,2033-02-25T00:00:00,0.0316414
2026-03-31,2026-03-23T16:00:00,2033-03-25T00:00:00,0.031718
2026-03-31,2026-03-23T16:00:00,2033-04-25T00:00:00,0.0318025
2026-03-31,2026-03-23T16:00:00,2033-05-25T00:00:00,0.0318839
2026-03-31,2026-03-23T16:00:00,2033-06-27T00:00:00,0.031973
2026-03-31,2026-03-23T16:00:00,2033-07-25T00:00:00,0.0320482
2026-03-31,2026-03-23T16:00:00,2033-08-25T00:00:00,0.0321309
2026-03-31,2026-03-23T16:00:00,2033-09-26T00:00:00,0.0322158
2026-03-31,2026-03-23T16:00:00,2033-10-25T00:00:00,0.0322923
2026-03-31,2026-03-23T16:00:00,2033-11-25T00:00:00,0.0323734
2026-03-31,2026-03-23T16:00:00,2033-12-27T00:00:00,0.0324565
2026-03-31,2026-03-23T16:00:00,2034-01-25T00:00:00,0.0325312
2026-03-31,2026-03-23T16:00:00,2034-02-27T00:00:00,0.0326155
2026-03-31,2026-03-23T16:00:00,2034-03-27T00:00:00,0.0326863
2026-03-31,2026-03-23T16:00:00,2034-04-25T00:00:00,0.032759
2026-03-31,2026-03-23T16:00:00,2034-05-25T00:00:00,0.0328335
2026-03-31,2026-03-23T16:00:00,2034-06-26T00:00:00,0.0329121
2026-03-31,2026-03-23T16:00:00,2034-07-25T00:00:00,0.0329826
2026-03-31,2026-03-23T16:00:00,2034-08-25T00:00:00,0.033057
2026-03-31,2026-03-23T16:00:00,2034-09-25T00:00:00,0.0331305
2026-03-31,2026-03-23T16:00:00,2034-10-25T00:00:00,0.0332007
2026-03-31,2026-03-23T16:00:00,2034-11-27T00:00:00,0.0332768
2026-03-31,2026-03-23T16:00:00,2034-12-27T00:00:00,0.033345
2026-03-31,2026-03-23T16:00:00,2035-01-25T00:00:00,0.0334099
2026-03-31,2026-03-23T16:00:00,2035-02-26T00:00:00,0.0334804
2026-03-31,2026-03-23T16:00:00,2035-03-27T00:00:00,0.0335432
2026-03-31,2026-03-23T16:00:00,2035-04-25T00:00:00,0.033605
2026-03-31,2026-03-23T16:00:00,2035-05-25T00:00:00,0.0336678
2026-03-31,2026-03-23T16:00:00,2035-06-25T00:00:00,0.0337314
2026-03-31,2026-03-23T16:00:00,2035-07-25T00:00:00,0.0337917
2026-03-31,2026-03-23T16:00:00,2035-08-27T00:00:00,0.0338566
2026-03-31,2026-03-23T16:00:00,2035-09-25T00:00:00,0.0339124
2026-03-31,2026-03-23T16:00:00,2035-10-25T00:00:00,0.0339688
2026-03-31,2026-03-23T16:00:00,2035-11-26T00:00:00,0.0340274
2026-03-31,2026-03-23T16:00:00,2035-12-27T00:00:00,0.0340827
2026-03-31,2026-03-23T16:00:00,2036-01-25T00:00:00,0.034133
2026-03-31,2026-03-23T16:00:00,2036-02-25T00:00:00,0.0341853
2026-03-31,2026-03-23T16:00:00,2036-03-25T00:00:00,0.0342328
2026-04-01,2026-03-23T16:00:00,2026-03-25T00:00:00,0.02468
2026-04-01,2026-03-23T16:00:00,2026-04-27T00:00:00,0.0254609
2026-04-01,2026-03-23T16:00:00,2026-05-25T00:00:00,0.0261026
2026-04-01,2026-03-23T16:00:00,2026-06-25T00:00:00,0.0267687
2026-04-01,2026-03-23T16:00:00,2026-07-27T00:00:00,0.0273837
2026-04-01,2026-03-23T16:00:00,2026-08-25T00:00:00,0.027856
2026-04-01,2026-03-23T16:00:00,2026-09-25T00:00:00,0.0282493
2026-04-01,2026-03-23T16:00:00,2026-10-26T00:00:00,0.0285115
2026-04-01,2026-03-23T16:00:00,2026-11-25T00:00:00,0.0286519
2026-04-01,2026-03-23T16:00:00,2026-12-28T00:00:00,0.0286986
2026-04-01,2026-03-23T16:00:00,2027-01-25T00:00:00,0.0286665
2026-04-01,2026-03-23T16:00:00,2027-02-25T00:00:00,0.0285722
2026-04-01,2026-03-23T16:00:00,2027-03-25T00:00:00,0.0284494
2026-04-01,2026-03-23T16:00:00,2027-04-26T00:00:00,0.0282843
2026-04-01,2026-03-23T16:00:00,2027-05-25T00:00:00,0.0281287
2026-04-01,2026-03-23T16:00:00,2027-06-25T00:00:00,0.0279745
2026-04-01,2026-03-23T16:00:00,2027-07-26T00:00:00,0.0278485
2026-04-01,2026-03-23T16:00:00,2027-08-25T00:00:00,0.0277545
2026-04-01,2026-03-23T16:00:00,2027-09-27T00:00:00,0.02768
2026-04-01,2026-03-23T16:00:00,2027-10-25T00:00:00,0.027638
2026-04-01,2026-03-23T16:00:00,2027-11-25T00:00:00,0.0276117
2026-04-01,2026-03-23T16:00:00,2027-12-27T00:00:00,0.0276039
2026-04-01,2026-03-23T16:00:00,2028-01-25T00:00:00,0.0276114
2026-04-01,2026-03-23T16:00:00,2028-02-25T00:00:00,0.027632
2026-04-01,2026-03-23T16:00:00,2028-03-27T00:00:00,0.027663
2026-04-01,2026-03-23T16:00:00,2028-04-25T00:00:00,0.0276989
2026-04-01,2026-03-23T16:00:00,2028-05-25T00:00:00,0.0277407
2026-04-01,2026-03-23T16:00:00,2028-06-26T00:00:00,0.0277875
2026-04-01,2026-03-23T16:00:00,2028-07-25T00:00:00,0.02783
2026-04-01,2026-03-23T16:00:00,2028-08-25T00:00:00,0.0278751
2026-04-01,2026-03-23T16:00:00,2028-09-25T00:00:00,0.0279199
2026-04-01,2026-03-23T16:00:00,2028-10-25T00:00:00,0.0279633
2026-04-01,2026-03-23T16:00:00,2028-11-27T00:00:00,0.028011
2026-04-01,2026-03-23T16:00:00,2028-12-27T00:00:00,0.0280546
2026-04-01,2026-03-23T16:00:00,2029-01-25T00:00:00,0.0280971
2026-04-01,2026-03-23T16:00:00,2029-02-26T00:00:00,0.0281446
2026-04-01,2026-03-23T16:00:00,2029-03-26T00:00:00,0.0281866
2026-04-01,2026-03-23T16:00:00,2029-04-25T00:00:00,0.0282324
2026-04-01,2026-03-23T16:00:00,2029-05-25T00:00:00,0.028279
2026-04-01,2026-03-23T16:00:00,2029-06-25T00:00:00,0.0283283
2026-04-01,2026-03-23T16:00:00,2029-07-25T00:00:00,0.0283771
2026-04-01,2026-03-23T16:00:00,2029-08-27T00:00:00,0.0284324
2026-04-01,2026-03-23T16:00:00,2029-09-25T00:00:00,0.0284823
2026-04-01,2026-03-23T16:00:00,2029-10-25T00:00:00,0.0285355
2026-04-01,2026-03-23T16:00:00,2029-11-26T00:00:00,0.0285941
2026-04-01,2026-03-23T16:00:00,2029-12-27T00:00:00,0.0286528
2026-04-01,2026-03-23T16:00:00,2030-01-25T00:00:00,0.0287096
2026-04-01,2026-03-23T16:00:00,2030-02-25T00:00:00,0.0287723
2026-04-01,2026-03-23T16:00:00,2030-03-25T00:00:00,0.0288305
2026-04-01,2026-03-23T16:00:00,2030-04-25T00:00:00,0.0288967
2026-04-01,2026-03-23T16:00:00,2030-05-27T00:00:00,0.028967
2026-04-01,2026-03-23T16:00:00,2030-06-25T00:00:00,0.0290322
2026-04-01,2026-03-23T16:00:00,2030-07-25T00:00:00,0.0291011
2026-04-01,2026-03-23T16:00:00,2030-08-26T00:00:00,0.0291762
2026-04-01,2026-03-23T16:00:00,2030-09-25T00:00:00,0.0292479
2026-04-01,2026-03-23T16:00:00,2030-10-25T00:00:00,0.029321
2026-04-01,2026-03-23T16:00:00,2030-11-25T00:00:00,0.0293978
2026-04-01,2026-03-23T16:00:00,2030-12-27T00:00:00,0.0294782
2026-04-01,2026-03-23T16:00:00,2031-01-27T00:00:00,0.0295574
2026-04-01,2026-03-23T16:00:00,2031-02-25T00:00:00,0.0296323
2026-04-01,2026-03-23T16:00:00,2031-03-25T00:00:00,0.0297055
2026-04-01,2026-03-23T16:00:00,2031-04-25T00:00:00,0.0297873
2026-04-01,2026-03-23T16:00:00,2031-05-26T00:00:00,0.02987
2026-04-01,2026-03-23T16:00:00,2031-06-25T00:00:00,0.0299506
2026-04-01,2026-03-23T16:00:00,2031-07-25T00:00:00,0.0300319
2026-04-01,2026-03-23T16:00:00,2031-08-25T00:00:00,0.0301164
2026-04-01,2026-03-23T16:00:00,2031-09-25T00:00:00,0.0302014
2026-04-01,2026-03-23T16:00:00,2031-10-27T00:00:00,0.0302896
2026-04-01,2026-03-23T16:00:00,2031-11-25T00:00:00,0.0303698
2026-04-01,2026-03-23T16:00:00,2031-12-29T00:00:00,0.0304641
2026-04-01,2026-03-23T16:00:00,2032-01-26T00:00:00,0.0305419
2026-04-01,2026-03-23T16:00:00,2032-02-25T00:00:00,0.0306254
2026-04-01,2026-03-23T16:00:00,2032-03-25T00:00:00,0.0307062
2026-04-01,2026-03-23T16:00:00,2032-04-26T00:00:00,0.0307954
2026-04-01,2026-03-23T16:00:00,2032-05-25T00:00:00,0.0308762
2026-04-01,2026-03-23T16:00:00,2032-06-25T00:00:00,0.0309627
2026-04-01,2026-03-23T16:00:00,2032-07-26T00:00:00,0.031049
2026-04-01,2026-03-23T16:00:00,2032-08-25T00:00:00,0.0311326
2026-04-01,2026-03-23T16:00:00,2032-09-27T00:00:00,0.0312243
2026-04-01,2026-03-23T16:00:00,2032-10-25T00:00:00,0.031302
2026-04-01,2026-03-23T16:00:00,2032-11-25T00:00:00,0.0313879
2026-04-01,2026-03-23T16:00:00,2032-12-27T00:00:00,0.0314763
2026-04-01,2026-03-23T16:00:00,2033-01-25T00:00:00,0.0315562
2026-04-01,2026-03-23T16:00:00,2033-02-25T00:00:00,0.0316414
2026-04-01,2026-03-23T16:00:00,2033-03-25T00:00:00,0.031718
2026-04-01,2026-03-23T16:00:00,2033-04-25T00:00:00,0.0318025
2026-04-01,2026-03-23T16:00:00,2033-05-25T00:00:00,0.0318839
2026-04-01,2026-03-23T16:00:00,2033-06-27T00:00:00,0.031973
2026-04-01,2026-03-23T16:00:00,2033-07-25T00:00:00,0.0320482
2026-04-01,2026-03-23T16:00:00,2033-08-25T00:00:00,0.0321309
2026-04-01,2026-03-23T16:00:00,2033-09-26T00:00:00,0.0322158
2026-04-01,2026-03-23T16:00:00,2033-10-25T00:00:00,0.0322923
2026-04-01,2026-03-23T16:00:00,2033-11-25T00:00:00,0.0323734
2026-04-01,2026-03-23T16:00:00,2033-12-27T00:00:00,0.0324565
2026-04-01,2026-03-23T16:00:00,2034-01-25T00:00:00,0.0325312
2026-04-01,2026-03-23T16:00:00,2034-02-27T00:00:00,0.0326155
2026-04-01,2026-03-23T16:00:00,2034-03-27T00:00:00,0.0326863
2026-04-01,2026-03-23T16:00:00,2034-04-25T00:00:00,0.032759
2026-04-01,2026-03-23T16:00:00,2034-05-25T00:00:00,0.0328335
2026-04-01,2026-03-23T16:00:00,2034-06-26T00:00:00,0.0329121
2026-04-01,2026-03-23T16:00:00,2034-07-25T00:00:00,0.0329826
2026-04-01,2026-03-23T16:00:00,2034-08-25T00:00:00,0.033057
2026-04-01,2026-03-23T16:00:00,2034-09-25T00:00:00,0.0331305
2026-04-01,2026-03-23T16:00:00,2034-10-25T00:00:00,0.0332007
2026-04-01,2026-03-23T16:00:00,2034-11-27T00:00:00,0.0332768
2026-04-01,2026-03-23T16:00:00,2034-12-27T00:00:00,0.033345
2026-04-01,2026-03-23T16:00:00,2035-01-25T00:00:00,0.0334099
2026-04-01,2026-03-23T16:00:00,2035-02-26T00:00:00,0.0334804
2026-04-01,2026-03-23T16:00:00,2035-03-27T00:00:00,0.0335432
2026-04-01,2026-03-23T16:00:00,2035-04-25T00:00:00,0.033605
2026-04-01,2026-03-23T16:00:00,2035-05-25T00:00:00,0.0336678
2026-04-01,2026-03-23T16:00:00,2035-06-25T00:00:00,0.0337314
2026-04-01,2026-03-23T16:00:00,2035-07-25T00:00:00,0.0337917
2026-04-01,2026-03-23T16:00:00,2035-08-27T00:00:00,0.0338566
2026-04-01,2026-03-23T16:00:00,2035-09-25T00:00:00,0.0339124
2026-04-01,2026-03-23T16:00:00,2035-10-25T00:00:00,0.0339688
2026-04-01,2026-03-23T16:00:00,2035-11-26T00:00:00,0.0340274
2026-04-01,2026-03-23T16:00:00,2035-12-27T00:00:00,0.0340827
2026-04-01,2026-03-23T16:00:00,2036-01-25T00:00:00,0.034133
2026-04-01,2026-03-23T16:00:00,2036-02-25T00:00:00,0.0341853
2026-04-01,2026-03-23T16:00:00,2036-03-25T00:00:00,0.0342328
2026-04-02,2026-03-23T16:00:00,2026-03-25T00:00:00,0.02468
2026-04-02,2026-03-23T16:00:00,2026-04-27T00:00:00,0.0254609
2026-04-02,2026-03-23T16:00:00,2026-05-25T00:00:00,0.0261026
2026-04-02,2026-03-23T16:00:00,2026-06-25T00:00:00,0.0267687
2026-04-02,2026-03-23T16:00:00,2026-07-27T00:00:00,0.0273837
2026-04-02,2026-03-23T16:00:00,2026-08-25T00:00:00,0.027856
2026-04-02,2026-03-23T16:00:00,2026-09-25T00:00:00,0.0282493
2026-04-02,2026-03-23T16:00:00,2026-10-26T00:00:00,0.0285115
2026-04-02,2026-03-23T16:00:00,2026-11-25T00:00:00,0.0286519
2026-04-02,2026-03-23T16:00:00,2026-12-28T00:00:00,0.0286986
2026-04-02,2026-03-23T16:00:00,2027-01-25T00:00:00,0.0286665
2026-04-02,2026-03-23T16:00:00,2027-02-25T00:00:00,0.0285722
2026-04-02,2026-03-23T16:00:00,2027-03-25T00:00:00,0.0284494
2026-04-02,2026-03-23T16:00:00,2027-04-26T00:00:00,0.0282843
2026-04-02,2026-03-23T16:00:00,2027-05-25T00:00:00,0.0281287
2026-04-02,2026-03-23T16:00:00,2027-06-25T00:00:00,0.0279745
2026-04-02,2026-03-23T16:00:00,2027-07-26T00:00:00,0.0278485
2026-04-02,2026-03-23T16:00:00,2027-08-25T00:00:00,0.0277545
2026-04-02,2026-03-23T16:00:00,2027-09-27T00:00:00,0.02768
2026-04-02,2026-03-23T16:00:00,2027-10-25T00:00:00,0.027638
2026-04-02,2026-03-23T16:00:00,2027-11-25T00:00:00,0.0276117
2026-04-02,2026-03-23T16:00:00,2027-12-27T00:00:00,0.0276039
2026-04-02,2026-03-23T16:00:00,2028-01-25T00:00:00,0.0276114
2026-04-02,2026-03-23T16:00:00,2028-02-25T00:00:00,0.027632
2026-04-02,2026-03-23T16:00:00,2028-03-27T00:00:00,0.027663
2026-04-02,2026-03-23T16:00:00,2028-04-25T00:00:00,0.0276989
2026-04-02,2026-03-23T16:00:00,2028-05-25T00:00:00,0.0277407
2026-04-02,2026-03-23T16:00:00,2028-06-26T00:00:00,0.0277875
2026-04-02,2026-03-23T16:00:00,2028-07-25T00:00:00,0.02783
2026-04-02,2026-03-23T16:00:00,2028-08-25T00:00:00,0.0278751
2026-04-02,2026-03-23T16:00:00,2028-09-25T00:00:00,0.0279199
2026-04-02,2026-03-23T16:00:00,2028-10-25T00:00:00,0.0279633
2026-04-02,2026-03-23T16:00:00,2028-11-27T00:00:00,0.028011
2026-04-02,2026-03-23T16:00:00,2028-12-27T00:00:00,0.0280546
2026-04-02,2026-03-23T16:00:00,2029-01-25T00:00:00,0.0280971
2026-04-02,2026-03-23T16:00:00,2029-02-26T00:00:00,0.0281446
2026-04-02,2026-03-23T16:00:00,2029-03-26T00:00:00,0.0281866
2026-04-02,2026-03-23T16:00:00,2029-04-25T00:00:00,0.0282324
2026-04-02,2026-03-23T16:00:00,2029-05-25T00:00:00,0.028279
2026-04-02,2026-03-23T16:00:00,2029-06-25T00:00:00,0.0283283
2026-04-02,2026-03-23T16:00:00,2029-07-25T00:00:00,0.0283771
2026-04-02,2026-03-23T16:00:00,2029-08-27T00:00:00,0.0284324
2026-04-02,2026-03-23T16:00:00,2029-09-25T00:00:00,0.0284823
2026-04-02,2026-03-23T16:00:00,2029-10-25T00:00:00,0.0285355
2026-04-02,2026-03-23T16:00:00,2029-11-26T00:00:00,0.0285941
2026-04-02,2026-03-23T16:00:00,2029-12-27T00:00:00,0.0286528
2026-04-02,2026-03-23T16:00:00,2030-01-25T00:00:00,0.0287096
2026-04-02,2026-03-23T16:00:00,2030-02-25T00:00:00,0.0287723
2026-04-02,2026-03-23T16:00:00,2030-03-25T00:00:00,0.0288305
2026-04-02,2026-03-23T16:00:00,2030-04-25T00:00:00,0.0288967
2026-04-02,2026-03-23T16:00:00,2030-05-27T00:00:00,0.028967
2026-04-02,2026-03-23T16:00:00,2030-06-25T00:00:00,0.0290322
2026-04-02,2026-03-23T16:00:00,2030-07-25T00:00:00,0.0291011
2026-04-02,2026-03-23T16:00:00,2030-08-26T00:00:00,0.0291762
2026-04-02,2026-03-23T16:00:00,2030-09-25T00:00:00,0.0292479
2026-04-02,2026-03-23T16:00:00,2030-10-25T00:00:00,0.029321
2026-04-02,2026-03-23T16:00:00,2030-11-25T00:00:00,0.0293978
2026-04-02,2026-03-23T16:00:00,2030-12-27T00:00:00,0.0294782
2026-04-02,2026-03-23T16:00:00,2031-01-27T00:00:00,0.0295574
2026-04-02,2026-03-23T16:00:00,2031-02-25T00:00:00,0.0296323
2026-04-02,2026-03-23T16:00:00,2031-03-25T00:00:00,0.0297055
2026-04-02,2026-03-23T16:00:00,2031-04-25T00:00:00,0.0297873
2026-04-02,2026-03-23T16:00:00,2031-05-26T00:00:00,0.02987
2026-04-02,2026-03-23T16:00:00,2031-06-25T00:00:00,0.0299506
2026-04-02,2026-03-23T16:00:00,2031-07-25T00:00:00,0.0300319
2026-04-02,2026-03-23T16:00:00,2031-08-25T00:00:00,0.0301164
2026-04-02,2026-03-23T16:00:00,2031-09-25T00:00:00,0.0302014
2026-04-02,2026-03-23T16:00:00,2031-10-27T00:00:00,0.0302896
2026-04-02,2026-03-23T16:00:00,2031-11-25T00:00:00,0.0303698
2026-04-02,2026-03-23T16:00:00,2031-12-29T00:00:00,0.0304641
2026-04-02,2026-03-23T16:00:00,2032-01-26T00:00:00,0.0305419
2026-04-02,2026-03-23T16:00:00,2032-02-25T00:00:00,0.0306254
2026-04-02,2026-03-23T16:00:00,2032-03-25T00:00:00,0.0307062
2026-04-02,2026-03-23T16:00:00,2032-04-26T00:00:00,0.0307954
2026-04-02,2026-03-23T16:00:00,2032-05-25T00:00:00,0.0308762
2026-04-02,2026-03-23T16:00:00,2032-06-25T00:00:00,0.0309627
2026-04-02,2026-03-23T16:00:00,2032-07-26T00:00:00,0.031049
2026-04-02,2026-03-23T16:00:00,2032-08-25T00:00:00,0.0311326
2026-04-02,2026-03-23T16:00:00,2032-09-27T00:00:00,0.0312243
2026-04-02,2026-03-23T16:00:00,2032-10-25T00:00:00,0.031302
2026-04-02,2026-03-23T16:00:00,2032-11-25T00:00:00,0.0313879
2026-04-02,2026-03-23T16:00:00,2032-12-27T00:00:00,0.0314763
2026-04-02,2026-03-23T16:00:00,2033-01-25T00:00:00,0.0315562
2026-04-02,2026-03-23T16:00:00,2033-02-25T00:00:00,0.0316414
2026-04-02,2026-03-23T16:00:00,2033-03-25T00:00:00,0.031718
2026-04-02,2026-03-23T16:00:00,2033-04-25T00:00:00,0.0318025
2026-04-02,2026-03-23T16:00:00,2033-05-25T00:00:00,0.0318839
2026-04-02,2026-03-23T16:00:00,2033-06-27T00:00:00,0.031973
2026-04-02,2026-03-23T16:00:00,2033-07-25T00:00:00,0.0320482
2026-04-02,2026-03-23T16:00:00,2033-08-25T00:00:00,0.0321309
2026-04-02,2026-03-23T16:00:00,2033-09-26T00:00:00,0.0322158
2026-04-02,2026-03-23T16:00:00,2033-10-25T00:00:00,0.0322923
2026-04-02,2026-03-23T16:00:00,2033-11-25T00:00:00,0.0323734
2026-04-02,2026-03-23T16:00:00,2033-12-27T00:00:00,0.0324565
2026-04-02,2026-03-23T16:00:00,2034-01-25T00:00:00,0.0325312
2026-04-02,2026-03-23T16:00:00,2034-02-27T00:00:00,0.0326155
2026-04-02,2026-03-23T16:00:00,2034-03-27T00:00:00,0.0326863
2026-04-02,2026-03-23T16:00:00,2034-04-25T00:00:00,0.032759
2026-04-02,2026-03-23T16:00:00,2034-05-25T00:00:00,0.0328335
2026-04-02,2026-03-23T16:00:00,2034-06-26T00:00:00,0.0329121
2026-04-02,2026-03-23T16:00:00,2034-07-25T00:00:00,0.0329826
2026-04-02,2026-03-23T16:00:00,2034-08-25T00:00:00,0.033057
2026-04-02,2026-03-23T16:00:00,2034-09-25T00:00:00,0.0331305
2026-04-02,2026-03-23T16:00:00,2034-10-25T00:00:00,0.0332007
2026-04-02,2026-03-23T16:00:00,2034-11-27T00:00:00,0.0332768
2026-04-02,2026-03-23T16:00:00,2034-12-27T00:00:00,0.033345
2026-04-02,2026-03-23T16:00:00,2035-01-25T00:00:00,0.0334099
2026-04-02,2026-03-23T16:00:00,2035-02-26T00:00:00,0.0334804
2026-04-02,2026-03-23T16:00:00,2035-03-27T00:00:00,0.0335432
2026-04-02,2026-03-23T16:00:00,2035-04-25T00:00:00,0.033605
2026-04-02,2026-03-23T16:00:00,2035-05-25T00:00:00,0.0336678
2026-04-02,2026-03-23T16:00:00,2035-06-25T00:00:00,0.0337314
2026-04-02,2026-03-23T16:00:00,2035-07-25T00:00:00,0.0337917
2026-04-02,2026-03-23T16:00:00,2035-08-27T00:00:00,0.0338566
2026-04-02,2026-03-23T16:00:00,2035-09-25T00:00:00,0.0339124
2026-04-02,2026-03-23T16:00:00,2035-10-25T00:00:00,0.0339688
2026-04-02,2026-03-23T16:00:00,2035-11-26T00:00:00,0.0340274
2026-04-02,2026-03-23T16:00:00,2035-12-27T00:00:00,0.0340827
2026-04-02,2026-03-23T16:00:00,2036-01-25T00:00:00,0.034133
2026-04-02,2026-03-23T16:00:00,2036-02-25T00:00:00,0.0341853
2026-04-02,2026-03-23T16:00:00,2036-03-25T00:00:00,0.0342328
2026-04-03,2026-03-23T16:00:00,2026-03-25T00:00:00,0.02468
2026-04-03,2026-03-23T16:00:00,2026-04-27T00:00:00,0.0254609
2026-04-03,2026-03-23T16:00:00,2026-05-25T00:00:00,0.0261026
2026-04-03,2026-03-23T16:00:00,2026-06-25T00:00:00,0.0267687
2026-04-03,2026-03-23T16:00:00,2026-07-27T00:00:00,0.0273837
2026-04-03,2026-03-23T16:00:00,2026-08-25T00:00:00,0.027856
2026-04-03,2026-03-23T16:00:00,2026-09-25T00:00:00,0.0282493
2026-04-03,2026-03-23T16:00:00,2026-10-26T00:00:00,0.0285115
2026-04-03,2026-03-23T16:00:00,2026-11-25T00:00:00,0.0286519
2026-04-03,2026-03-23T16:00:00,2026-12-28T00:00:00,0.0286986
2026-04-03,2026-03-23T16:00:00,2027-01-25T00:00:00,0.0286665
2026-04-03,2026-03-23T16:00:00,2027-02-25T00:00:00,0.0285722
2026-04-03,2026-03-23T16:00:00,2027-03-25T00:00:00,0.0284494
2026-04-03,2026-03-23T16:00:00,2027-04-26T00:00:00,0.0282843
2026-04-03,2026-03-23T16:00:00,2027-05-25T00:00:00,0.0281287
2026-04-03,2026-03-23T16:00:00,2027-06-25T00:00:00,0.0279745
2026-04-03,2026-03-23T16:00:00,2027-07-26T00:00:00,0.0278485
2026-04-03,2026-03-23T16:00:00,2027-08-25T00:00:00,0.0277545
2026-04-03,2026-03-23T16:00:00,2027-09-27T00:00:00,0.02768
2026-04-03,2026-03-23T16:00:00,2027-10-25T00:00:00,0.027638
2026-04-03,2026-03-23T16:00:00,2027-11-25T00:00:00,0.0276117
2026-04-03,2026-03-23T16:00:00,2027-12-27T00:00:00,0.0276039
2026-04-03,2026-03-23T16:00:00,2028-01-25T00:00:00,0.0276114
2026-04-03,2026-03-23T16:00:00,2028-02-25T00:00:00,0.027632
2026-04-03,2026-03-23T16:00:00,2028-03-27T00:00:00,0.027663
2026-04-03,2026-03-23T16:00:00,2028-04-25T00:00:00,0.0276989
2026-04-03,2026-03-23T16:00:00,2028-05-25T00:00:00,0.0277407
2026-04-03,2026-03-23T16:00:00,2028-06-26T00:00:00,0.0277875
2026-04-03,2026-03-23T16:00:00,2028-07-25T00:00:00,0.02783
2026-04-03,2026-03-23T16:00:00,2028-08-25T00:00:00,0.0278751
2026-04-03,2026-03-23T16:00:00,2028-09-25T00:00:00,0.0279199
2026-04-03,2026-03-23T16:00:00,2028-10-25T00:00:00,0.0279633
2026-04-03,2026-03-23T16:00:00,2028-11-27T00:00:00,0.028011
2026-04-03,2026-03-23T16:00:00,2028-12-27T00:00:00,0.0280546
2026-04-03,2026-03-23T16:00:00,2029-01-25T00:00:00,0.0280971
2026-04-03,2026-03-23T16:00:00,2029-02-26T00:00:00,0.0281446
2026-04-03,2026-03-23T16:00:00,2029-03-26T00:00:00,0.0281866
2026-04-03,2026-03-23T16:00:00,2029-04-25T00:00:00,0.0282324
2026-04-03,2026-03-23T16:00:00,2029-05-25T00:00:00,0.028279
2026-04-03,2026-03-23T16:00:00,2029-06-25T00:00:00,0.0283283
2026-04-03,2026-03-23T16:00:00,2029-07-25T00:00:00,0.0283771
2026-04-03,2026-03-23T16:00:00,2029-08-27T00:00:00,0.0284324
2026-04-03,2026-03-23T16:00:00,2029-09-25T00:00:00,0.0284823
2026-04-03,2026-03-23T16:00:00,2029-10-25T00:00:00,0.0285355
2026-04-03,2026-03-23T16:00:00,2029-11-26T00:00:00,0.0285941
2026-04-03,2026-03-23T16:00:00,2029-12-27T00:00:00,0.0286528
2026-04-03,2026-03-23T16:00:00,2030-01-25T00:00:00,0.0287096
2026-04-03,2026-03-23T16:00:00,2030-02-25T00:00:00,0.0287723
2026-04-03,2026-03-23T16:00:00,2030-03-25T00:00:00,0.0288305
2026-04-03,2026-03-23T16:00:00,2030-04-25T00:00:00,0.0288967
2026-04-03,2026-03-23T16:00:00,2030-05-27T00:00:00,0.028967
2026-04-03,2026-03-23T16:00:00,2030-06-25T00:00:00,0.0290322
2026-04-03,2026-03-23T16:00:00,2030-07-25T00:00:00,0.0291011
2026-04-03,2026-03-23T16:00:00,2030-08-26T00:00:00,0.0291762
2026-04-03,2026-03-23T16:00:00,2030-09-25T00:00:00,0.0292479
2026-04-03,2026-03-23T16:00:00,2030-10-25T00:00:00,0.029321
2026-04-03,2026-03-23T16:00:00,2030-11-25T00:00:00,0.0293978
2026-04-03,2026-03-23T16:00:00,2030-12-27T00:00:00,0.0294782
2026-04-03,2026-03-23T16:00:00,2031-01-27T00:00:00,0.0295574
2026-04-03,2026-03-23T16:00:00,2031-02-25T00:00:00,0.0296323
2026-04-03,2026-03-23T16:00:00,2031-03-25T00:00:00,0.0297055
2026-04-03,2026-03-23T16:00:00,2031-04-25T00:00:00,0.0297873
2026-04-03,2026-03-23T16:00:00,2031-05-26T00:00:00,0.02987
2026-04-03,2026-03-23T16:00:00,2031-06-25T00:00:00,0.0299506
2026-04-03,2026-03-23T16:00:00,2031-07-25T00:00:00,0.0300319
2026-04-03,2026-03-23T16:00:00,2031-08-25T00:00:00,0.0301164
2026-04-03,2026-03-23T16:00:00,2031-09-25T00:00:00,0.0302014
2026-04-03,2026-03-23T16:00:00,2031-10-27T00:00:00,0.0302896
2026-04-03,2026-03-23T16:00:00,2031-11-25T00:00:00,0.0303698
2026-04-03,2026-03-23T16:00:00,2031-12-29T00:00:00,0.0304641
2026-04-03,2026-03-23T16:00:00,2032-01-26T00:00:00,0.0305419
2026-04-03,2026-03-23T16:00:00,2032-02-25T00:00:00,0.0306254
2026-04-03,2026-03-23T16:00:00,2032-03-25T00:00:00,0.0307062
2026-04-03,2026-03-23T16:00:00,2032-04-26T00:00:00,0.0307954
2026-04-03,2026-03-23T16:00:00,2032-05-25T00:00:00,0.0308762
2026-04-03,2026-03-23T16:00:00,2032-06-25T00:00:00,0.0309627
2026-04-03,2026-03-23T16:00:00,2032-07-26T00:00:00,0.031049
2026-04-03,2026-03-23T16:00:00,2032-08-25T00:00:00,0.0311326
2026-04-03,2026-03-23T16:00:00,2032-09-27T00:00:00,0.0312243
2026-04-03,2026-03-23T16:00:00,2032-10-25T00:00:00,0.031302
2026-04-03,2026-03-23T16:00:00,2032-11-25T00:00:00,0.0313879
2026-04-03,2026-03-23T16:00:00,2032-12-27T00:00:00,0.0314763
2026-04-03,2026-03-23T16:00:00,2033-01-25T00:00:00,0.0315562
2026-04-03,2026-03-23T16:00:00,2033-02-25T00:00:00,0.0316414
2026-04-03,2026-03-23T16:00:00,2033-03-25T00:00:00,0.031718
2026-04-03,2026-03-23T16:00:00,2033-04-25T00:00:00,0.0318025
2026-04-03,2026-03-23T16:00:00,2033-05-25T00:00:00,0.0318839
2026-04-03,2026-03-23T16:00:00,2033-06-27T00:00:00,0.031973
2026-04-03,2026-03-23T16:00:00,2033-07-25T00:00:00,0.0320482
2026-04-03,2026-03-23T16:00:00,2033-08-25T00:00:00,0.0321309
2026-04-03,2026-03-23T16:00:00,2033-09-26T00:00:00,0.0322158
2026-04-03,2026-03-23T16:00:00,2033-10-25T00:00:00,0.0322923
2026-04-03,2026-03-23T16:00:00,2033-11-25T00:00:00,0.0323734
2026-04-03,2026-03-23T16:00:00,2033-12-27T00:00:00,0.0324565
2026-04-03,2026-03-23T16:00:00,2034-01-25T00:00:00,0.0325312
2026-04-03,2026-03-23T16:00:00,2034-02-27T00:00:00,0.0326155
2026-04-03,2026-03-23T16:00:00,2034-03-27T00:00:00,0.0326863
2026-04-03,2026-03-23T16:00:00,2034-04-25T00:00:00,0.032759
2026-04-03,2026-03-23T16:00:00,2034-05-25T00:00:00,0.0328335
2026-04-03,2026-03-23T16:00:00,2034-06-26T00:00:00,0.0329121
2026-04-03,2026-03-23T16:00:00,2034-07-25T00:00:00,0.0329826
2026-04-03,2026-03-23T16:00:00,2034-08-25T00:00:00,0.033057
2026-04-03,2026-03-23T16:00:00,2034-09-25T00:00:00,0.0331305
2026-04-03,2026-03-23T16:00:00,2034-10-25T00:00:00,0.0332007
2026-04-03,2026-03-23T16:00:00,2034-11-27T00:00:00,0.0332768
2026-04-03,2026-03-23T16:00:00,2034-12-27T00:00:00,0.033345
2026-04-03,2026-03-23T16:00:00,2035-01-25T00:00:00,0.0334099
2026-04-03,2026-03-23T16:00:00,2035-02-26T00:00:00,0.0334804
2026-04-03,2026-03-23T16:00:00,2035-03-27T00:00:00,0.0335432
2026-04-03,2026-03-23T16:00:00,2035-04-25T00:00:00,0.033605
2026-04-03,2026-03-23T16:00:00,2035-05-25T00:00:00,0.0336678
2026-04-03,2026-03-23T16:00:00,2035-06-25T00:00:00,0.0337314
2026-04-03,2026-03-23T16:00:00,2035-07-25T00:00:00,0.0337917
2026-04-03,2026-03-23T16:00:00,2035-08-27T00:00:00,0.0338566
2026-04-03,2026-03-23T16:00:00,2035-09-25T00:00:00,0.0339124
2026-04-03,2026-03-23T16:00:00,2035-10-25T00:00:00,0.0339688
2026-04-03,2026-03-23T16:00:00,2035-11-26T00:00:00,0.0340274
2026-04-03,2026-03-23T16:00:00,2035-12-27T00:00:00,0.0340827
2026-04-03,2026-03-23T16:00:00,2036-01-25T00:00:00,0.034133
2026-04-03,2026-03-23T16:00:00,2036-02-25T00:00:00,0.0341853
2026-04-03,2026-03-23T16:00:00,2036-03-25T00:00:00,0.0342328
2026-04-06,2026-03-30T16:00:00,2026-04-01T00:00:00,0.02529
2026-04-06,2026-03-30T16:00:00,2026-05-04T00:00:00,0.026099
2026-04-06,2026-03-30T16:00:00,2026-06-01T00:00:00,0.0267642
2026-04-06,2026-03-30T16:00:00,2026-07-01T00:00:00,0.0274343
2026-04-06,2026-03-30T16:00:00,2026-08-03T00:00:00,0.0280957
2026-04-06,2026-03-30T16:00:00,2026-09-01T00:00:00,0.0285894
2026-04-06,2026-03-30T16:00:00,2026-10-01T00:00:00,0.0289926
2026-04-06,2026-03-30T16:00:00,2026-11-02T00:00:00,0.0292859
2026-04-06,2026-03-30T16:00:00,2026-12-01T00:00:00,0.0294404
2026-04-06,2026-03-30T16:00:00,2027-01-04T00:00:00,0.0295081
2026-04-06,2026-03-30T16:00:00,2027-02-01T00:00:00,0.0294882
2026-04-06,2026-03-30T16:00:00,2027-03-01T00:00:00,0.0294147
2026-04-06,2026-03-30T16:00:00,2027-04-01T00:00:00,0.0292873
2026-04-06,2026-03-30T16:00:00,2027-05-03T00:00:00,0.0291241
2026-04-06,2026-03-30T16:00:00,2027-06-01T00:00:00,0.0289654
2026-04-06,2026-03-30T16:00:00,2027-07-01T00:00:00,0.028807
2026-04-06,2026-03-30T16:00:00,2027-08-02T00:00:00,0.0286598
2026-04-06,2026-03-30T16:00:00,2027-09-01T00:00:00,0.0285437
2026-04-06,2026-03-30T16:00:00,2027-10-01T00:00:00,0.0284473
2026-04-06,2026-03-30T16:00:00,2027-11-01T00:00:00,0.0283671
2026-04-06,2026-03-30T16:00:00,2027-12-01T00:00:00,0.0283068
2026-04-06,2026-03-30T16:00:00,2028-01-03T00:00:00,0.0282584
2026-04-06,2026-03-30T16:00:00,2028-02-01T00:00:00,0.0282301
2026-04-06,2026-03-30T16:00:00,2028-03-01T00:00:00,0.0282137
2026-04-06,2026-03-30T16:00:00,2028-04-03T00:00:00,0.028208
2026-04-06,2026-03-30T16:00:00,2028-05-02T00:00:00,0.028213
2026-04-06,2026-03-30T16:00:00,2028-06-01T00:00:00,0.0282267
2026-04-06,2026-03-30T16:00:00,2028-07-03T00:00:00,0.0282492
2026-04-06,2026-03-30T16:00:00,2028-08-01T00:00:00,0.0282755
2026-04-06,2026-03-30T16:00:00,2028-09-01T00:00:00,0.0283093
2026-04-06,2026-03-30T16:00:00,2028-10-02T00:00:00,0.0283485
2026-04-06,2026-03-30T16:00:00,2028-11-01T00:00:00,0.0283914
2026-04-06,2026-03-30T16:00:00,2028-12-01T00:00:00,0.0284388
2026-04-06,2026-03-30T16:00:00,2029-01-02T00:00:00,0.0284938
2026-04-06,2026-03-30T16:00:00,2029-02-01T00:00:00,0.0285494
2026-04-06,2026-03-30T16:00:00,2029-03-01T00:00:00,0.0286044
2026-04-06,2026-03-30T16:00:00,2029-04-03T00:00:00,0.0286728
2026-04-06,2026-03-30T16:00:00,2029-05-02T00:00:00,0.0287357
2026-04-06,2026-03-30T16:00:00,2029-06-01T00:00:00,0.0288032
2026-04-06,2026-03-30T16:00:00,2029-07-02T00:00:00,0.0288753
2026-04-06,2026-03-30T16:00:00,2029-08-01T00:00:00,0.0289469
2026-04-06,2026-03-30T16:00:00,2029-09-03T00:00:00,0.0290274
2026-04-06,2026-03-30T16:00:00,2029-10-01T00:00:00,0.0290968
2026-04-06,2026-03-30T16:00:00,2029-11-01T00:00:00,0.0291745
2026-04-06,2026-03-30T16:00:00,2029-12-03T00:00:00,0.0292553
2026-04-06,2026-03-30T16:00:00,2030-01-02T00:00:00,0.0293312
2026-04-06,2026-03-30T16:00:00,2030-02-01T00:00:00,0.029407
2026-04-06,2026-03-30T16:00:00,2030-03-01T00:00:00,0.0294776
2026-04-06,2026-03-30T16:00:00,2030-04-01T00:00:00,0.0295557
2026-04-06,2026-03-30T16:00:00,2030-05-02T00:00:00,0.0296336
2026-04-06,2026-03-30T16:00:00,2030-06-03T00:00:00,0.0297139
2026-04-06,2026-03-30T16:00:00,2030-07-01T00:00:00,0.029784
2026-04-06,2026-03-30T16:00:00,2030-08-01T00:00:00,0.0298615
2026-04-06,2026-03-30T16:00:00,2030-09-02T00:00:00,0.0299413
2026-04-06,2026-03-30T16:00:00,2030-10-01T00:00:00,0.0300136
2026-04-06,2026-03-30T16:00:00,2030-11-01T00:00:00,0.0300907
2026-04-06,2026-03-30T16:00:00,2030-12-02T00:00:00,0.0301677
2026-04-06,2026-03-30T16:00:00,2031-01-02T00:00:00,0.0302445
2026-04-06,2026-03-30T16:00:00,2031-02-03T00:00:00,0.0303237
2026-04-06,2026-03-30T16:00:00,2031-03-03T00:00:00,0.030393
2026-04-06,2026-03-30T16:00:00,2031-04-01T00:00:00,0.0304645
2026-04-06,2026-03-30T16:00:00,2031-05-02T00:00:00,0.0305409
2026-04-06,2026-03-30T16:00:00,2031-06-02T00:00:00,0.0306172
2026-04-06,2026-03-30T16:00:00,2031-07-01T00:00:00,0.0306885
2026-04-06,2026-03-30T16:00:00,2031-08-01T00:00:00,0.0307646
2026-04-06,2026-03-30T16:00:00,2031-09-01T00:00:00,0.0308406
2026-04-06,2026-03-30T16:00:00,2031-10-01T00:00:00,0.030914
2026-04-06,2026-03-30T16:00:00,2031-11-03T00:00:00,0.0309947
2026-04-06,2026-03-30T16:00:00,2031-12-01T00:00:00,0.031063
2026-04-06,2026-03-30T16:00:00,2032-01-02T00:00:00,0.0311411
2026-04-06,2026-03-30T16:00:00,2032-02-02T00:00:00,0.0312166
2026-04-06,2026-03-30T16:00:00,2032-03-01T00:00:00,0.0312847
2026-04-06,2026-03-30T16:00:00,2032-04-01T00:00:00,0.0313601
2026-04-06,2026-03-30T16:00:00,2032-05-03T00:00:00,0.0314378
2026-04-06,2026-03-30T16:00:00,2032-06-01T00:00:00,0.0315082
2026-04-06,2026-03-30T16:00:00,2032-07-01T00:00:00,0.031581
2026-04-06,2026-03-30T16:00:00,2032-08-02T00:00:00,0.0316586
2026-04-06,2026-03-30T16:00:00,2032-09-01T00:00:00,0.0317314
2026-04-06,2026-03-30T16:00:00,2032-10-01T00:00:00,0.0318041
2026-04-06,2026-03-30T16:00:00,2032-11-01T00:00:00,0.0318793
2026-04-06,2026-03-30T16:00:00,2032-12-01T00:00:00,0.031952
2026-04-06,2026-03-30T16:00:00,2033-01-03T00:00:00,0.0320321
2026-04-06,2026-03-30T16:00:00,2033-02-01T00:00:00,0.0321025
2026-04-06,2026-03-30T16:00:00,2033-03-01T00:00:00,0.0321705
2026-04-06,2026-03-30T16:00:00,2033-04-01T00:00:00,0.0322458
2026-04-06,2026-03-30T16:00:00,2033-05-02T00:00:00,0.0323212
2026-04-06,2026-03-30T16:00:00,2033-06-01T00:00:00,0.0323942
2026-04-06,2026-03-30T16:00:00,2033-07-01T00:00:00,0.0324673
2026-04-06,2026-03-30T16:00:00,2033-08-01T00:00:00,0.032543
2026-04-06,2026-03-30T16:00:00,2033-09-01T00:00:00,0.0326187
2026-04-06,2026-03-30T16:00:00,2033-10-03T00:00:00,0.0326971
2026-04-06,2026-03-30T16:00:00,2033-11-01T00:00:00,0.0327682
2026-04-06,2026-03-30T16:00:00,2033-12-01T00:00:00,0.0328418
2026-04-06,2026-03-30T16:00:00,2034-01-02T00:00:00,0.0329206
2026-04-06,2026-03-30T16:00:00,2034-02-01T00:00:00,0.0329946
2026-04-06,2026-03-30T16:00:00,2034-03-01T00:00:00,0.0330637
2026-04-06,2026-03-30T16:00:00,2034-04-03T00:00:00,0.0331455
2026-04-06,2026-03-30T16:00:00,2034-05-02T00:00:00,0.0332175
2026-04-06,2026-03-30T16:00:00,2034-06-01T00:00:00,0.0332921
2026-04-06,2026-03-30T16:00:00,2034-07-03T00:00:00,0.033372
2026-04-06,2026-03-30T16:00:00,2034-08-01T00:00:00,0.0334445
2026-04-06,2026-03-30T16:00:00,2034-09-01T00:00:00,0.0335222
2026-04-06,2026-03-30T16:00:00,2034-10-02T00:00:00,0.0335999
2026-04-06,2026-03-30T16:00:00,2034-11-01T00:00:00,0.033675
2026-04-06,2026-03-30T16:00:00,2034-12-01T00:00:00,0.0337499
2026-04-06,2026-03-30T16:00:00,2035-01-02T00:00:00,0.0338295
2026-04-06,2026-03-30T16:00:00,2035-02-01T00:00:00,0.0339038
2026-04-06,2026-03-30T16:00:00,2035-03-01T00:00:00,0.0339726
2026-04-06,2026-03-30T16:00:00,2035-04-02T00:00:00,0.0340507
2026-04-06,2026-03-30T16:00:00,2035-05-02T00:00:00,0.0341232
2026-04-06,2026-03-30T16:00:00,2035-06-01T00:00:00,0.034195
2026-04-06,2026-03-30T16:00:00,2035-07-02T00:00:00,0.0342682
2026-04-06,2026-03-30T16:00:00,2035-08-01T00:00:00,0.0343381
2026-04-06,2026-03-30T16:00:00,2035-09-03T00:00:00,0.0344138
2026-04-06,2026-03-30T16:00:00,2035-10-01T00:00:00,0.0344769
2026-04-06,2026-03-30T16:00:00,2035-11-01T00:00:00,0.0345456
2026-04-06,2026-03-30T16:00:00,2035-12-03T00:00:00,0.0346149
2026-04-06,2026-03-30T16:00:00,2036-01-02T00:00:00,0.0346784
2026-04-06,2026-03-30T16:00:00,2036-02-01T00:00:00,0.0347403
2026-04-06,2026-03-30T16:00:00,2036-03-03T00:00:00,0.0348026
2026-04-06,2026-03-30T16:00:00,2036-04-01T00:00:00,0.0348592
2026-04-07,2026-03-30T16:00:00,2026-04-01T00:00:00,0.02529
2026-04-07,2026-03-30T16:00:00,2026-05-04T00:00:00,0.026099
2026-04-07,2026-03-30T16:00:00,2026-06-01T00:00:00,0.0267642
2026-04-07,2026-03-30T16:00:00,2026-07-01T00:00:00,0.0274343
2026-04-07,2026-03-30T16:00:00,2026-08-03T00:00:00,0.0280957
2026-04-07,2026-03-30T16:00:00,2026-09-01T00:00:00,0.0285894
2026-04-07,2026-03-30T16:00:00,2026-10-01T00:00:00,0.0289926
2026-04-07,2026-03-30T16:00:00,2026-11-02T00:00:00,0.0292859
2026-04-07,2026-03-30T16:00:00,2026-12-01T00:00:00,0.0294404
2026-04-07,2026-03-30T16:00:00,2027-01-04T00:00:00,0.0295081
2026-04-07,2026-03-30T16:00:00,2027-02-01T00:00:00,0.0294882
2026-04-07,2026-03-30T16:00:00,2027-03-01T00:00:00,0.0294147
2026-04-07,2026-03-30T16:00:00,2027-04-01T00:00:00,0.0292873
2026-04-07,2026-03-30T16:00:00,2027-05-03T00:00:00,0.0291241
2026-04-07,2026-03-30T16:00:00,2027-06-01T00:00:00,0.0289654
2026-04-07,2026-03-30T16:00:00,2027-07-01T00:00:00,0.028807
2026-04-07,2026-03-30T16:00:00,2027-08-02T00:00:00,0.0286598
2026-04-07,2026-03-30T16:00:00,2027-09-01T00:00:00,0.0285437
2026-04-07,2026-03-30T16:00:00,2027-10-01T00:00:00,0.0284473
2026-04-07,2026-03-30T16:00:00,2027-11-01T00:00:00,0.0283671
2026-04-07,2026-03-30T16:00:00,2027-12-01T00:00:00,0.0283068
2026-04-07,2026-03-30T16:00:00,2028-01-03T00:00:00,0.0282584
2026-04-07,2026-03-30T16:00:00,2028-02-01T00:00:00,0.0282301
2026-04-07,2026-03-30T16:00:00,2028-03-01T00:00:00,0.0282137
2026-04-07,2026-03-30T16:00:00,2028-04-03T00:00:00,0.028208
2026-04-07,2026-03-30T16:00:00,2028-05-02T00:00:00,0.028213
2026-04-07,2026-03-30T16:00:00,2028-06-01T00:00:00,0.0282267
2026-04-07,2026-03-30T16:00:00,2028-07-03T00:00:00,0.0282492
2026-04-07,2026-03-30T16:00:00,2028-08-01T00:00:00,0.0282755
2026-04-07,2026-03-30T16:00:00,2028-09-01T00:00:00,0.0283093
2026-04-07,2026-03-30T16:00:00,2028-10-02T00:00:00,0.0283485
2026-04-07,2026-03-30T16:00:00,2028-11-01T00:00:00,0.0283914
2026-04-07,2026-03-30T16:00:00,2028-12-01T00:00:00,0.0284388
2026-04-07,2026-03-30T16:00:00,2029-01-02T00:00:00,0.0284938
2026-04-07,2026-03-30T16:00:00,2029-02-01T00:00:00,0.0285494
2026-04-07,2026-03-30T16:00:00,2029-03-01T00:00:00,0.0286044
2026-04-07,2026-03-30T16:00:00,2029-04-03T00:00:00,0.0286728
2026-04-07,2026-03-30T16:00:00,2029-05-02T00:00:00,0.0287357
2026-04-07,2026-03-30T16:00:00,2029-06-01T00:00:00,0.0288032
2026-04-07,2026-03-30T16:00:00,2029-07-02T00:00:00,0.0288753
2026-04-07,2026-03-30T16:00:00,2029-08-01T00:00:00,0.0289469
2026-04-07,2026-03-30T16:00:00,2029-09-03T00:00:00,0.0290274
2026-04-07,2026-03-30T16:00:00,2029-10-01T00:00:00,0.0290968
2026-04-07,2026-03-30T16:00:00,2029-11-01T00:00:00,0.0291745
2026-04-07,2026-03-30T16:00:00,2029-12-03T00:00:00,0.0292553
2026-04-07,2026-03-30T16:00:00,2030-01-02T00:00:00,0.0293312
2026-04-07,2026-03-30T16:00:00,2030-02-01T00:00:00,0.029407
2026-04-07,2026-03-30T16:00:00,2030-03-01T00:00:00,0.0294776
2026-04-07,2026-03-30T16:00:00,2030-04-01T00:00:00,0.0295557
2026-04-07,2026-03-30T16:00:00,2030-05-02T00:00:00,0.0296336
2026-04-07,2026-03-30T16:00:00,2030-06-03T00:00:00,0.0297139
2026-04-07,2026-03-30T16:00:00,2030-07-01T00:00:00,0.029784
2026-04-07,2026-03-30T16:00:00,2030-08-01T00:00:00,0.0298615
2026-04-07,2026-03-30T16:00:00,2030-09-02T00:00:00,0.0299413
2026-04-07,2026-03-30T16:00:00,2030-10-01T00:00:00,0.0300136
2026-04-07,2026-03-30T16:00:00,2030-11-01T00:00:00,0.0300907
2026-04-07,2026-03-30T16:00:00,2030-12-02T00:00:00,0.0301677
2026-04-07,2026-03-30T16:00:00,2031-01-02T00:00:00,0.0302445
2026-04-07,2026-03-30T16:00:00,2031-02-03T00:00:00,0.0303237
2026-04-07,2026-03-30T16:00:00,2031-03-03T00:00:00,0.030393
2026-04-07,2026-03-30T16:00:00,2031-04-01T00:00:00,0.0304645
2026-04-07,2026-03-30T16:00:00,2031-05-02T00:00:00,0.0305409
2026-04-07,2026-03-30T16:00:00,2031-06-02T00:00:00,0.0306172
2026-04-07,2026-03-30T16:00:00,2031-07-01T00:00:00,0.0306885
2026-04-07,2026-03-30T16:00:00,2031-08-01T00:00:00,0.0307646
2026-04-07,2026-03-30T16:00:00,2031-09-01T00:00:00,0.0308406
2026-04-07,2026-03-30T16:00:00,2031-10-01T00:00:00,0.030914
2026-04-07,2026-03-30T16:00:00,2031-11-03T00:00:00,0.0309947
2026-04-07,2026-03-30T16:00:00,2031-12-01T00:00:00,0.031063
2026-04-07,2026-03-30T16:00:00,2032-01-02T00:00:00,0.0311411
2026-04-07,2026-03-30T16:00:00,2032-02-02T00:00:00,0.0312166
2026-04-07,2026-03-30T16:00:00,2032-03-01T00:00:00,0.0312847
2026-04-07,2026-03-30T16:00:00,2032-04-01T00:00:00,0.0313601
2026-04-07,2026-03-30T16:00:00,2032-05-03T00:00:00,0.0314378
2026-04-07,2026-03-30T16:00:00,2032-06-01T00:00:00,0.0315082
2026-04-07,2026-03-30T16:00:00,2032-07-01T00:00:00,0.031581
2026-04-07,2026-03-30T16:00:00,2032-08-02T00:00:00,0.0316586
2026-04-07,2026-03-30T16:00:00,2032-09-01T00:00:00,0.0317314
2026-04-07,2026-03-30T16:00:00,2032-10-01T00:00:00,0.0318041
2026-04-07,2026-03-30T16:00:00,2032-11-01T00:00:00,0.0318793
2026-04-07,2026-03-30T16:00:00,2032-12-01T00:00:00,0.031952
2026-04-07,2026-03-30T16:00:00,2033-01-03T00:00:00,0.0320321
2026-04-07,2026-03-30T16:00:00,2033-02-01T00:00:00,0.0321025
2026-04-07,2026-03-30T16:00:00,2033-03-01T00:00:00,0.0321705
2026-04-07,2026-03-30T16:00:00,2033-04-01T00:00:00,0.0322458
2026-04-07,2026-03-30T16:00:00,2033-05-02T00:00:00,0.0323212
2026-04-07,2026-03-30T16:00:00,2033-06-01T00:00:00,0.0323942
2026-04-07,2026-03-30T16:00:00,2033-07-01T00:00:00,0.0324673
2026-04-07,2026-03-30T16:00:00,2033-08-01T00:00:00,0.032543
2026-04-07,2026-03-30T16:00:00,2033-09-01T00:00:00,0.0326187
2026-04-07,2026-03-30T16:00:00,2033-10-03T00:00:00,0.0326971
2026-04-07,2026-03-30T16:00:00,2033-11-01T00:00:00,0.0327682
2026-04-07,2026-03-30T16:00:00,2033-12-01T00:00:00,0.0328418
2026-04-07,2026-03-30T16:00:00,2034-01-02T00:00:00,0.0329206
2026-04-07,2026-03-30T16:00:00,2034-02-01T00:00:00,0.0329946
2026-04-07,2026-03-30T16:00:00,2034-03-01T00:00:00,0.0330637
2026-04-07,2026-03-30T16:00:00,2034-04-03T00:00:00,0.0331455
2026-04-07,2026-03-30T16:00:00,2034-05-02T00:00:00,0.0332175
2026-04-07,2026-03-30T16:00:00,2034-06-01T00:00:00,0.0332921
2026-04-07,2026-03-30T16:00:00,2034-07-03T00:00:00,0.033372
2026-04-07,2026-03-30T16:00:00,2034-08-01T00:00:00,0.0334445
2026-04-07,2026-03-30T16:00:00,2034-09-01T00:00:00,0.0335222
2026-04-07,2026-03-30T16:00:00,2034-10-02T00:00:00,0.0335999
2026-04-07,2026-03-30T16:00:00,2034-11-01T00:00:00,0.033675
2026-04-07,2026-03-30T16:00:00,2034-12-01T00:00:00,0.0337499
2026-04-07,2026-03-30T16:00:00,2035-01-02T00:00:00,0.0338295
2026-04-07,2026-03-30T16:00:00,2035-02-01T00:00:00,0.0339038
2026-04-07,2026-03-30T16:00:00,2035-03-01T00:00:00,0.0339726
2026-04-07,2026-03-30T16:00:00,2035-04-02T00:00:00,0.0340507
2026-04-07,2026-03-30T16:00:00,2035-05-02T00:00:00,0.0341232
2026-04-07,2026-03-30T16:00:00,2035-06-01T00:00:00,0.034195
2026-04-07,2026-03-30T16:00:00,2035-07-02T00:00:00,0.0342682
2026-04-07,2026-03-30T16:00:00,2035-08-01T00:00:00,0.0343381
2026-04-07,2026-03-30T16:00:00,2035-09-03T00:00:00,0.0344138
2026-04-07,2026-03-30T16:00:00,2035-10-01T00:00:00,0.0344769
2026-04-07,2026-03-30T16:00:00,2035-11-01T00:00:00,0.0345456
2026-04-07,2026-03-30T16:00:00,2035-12-03T00:00:00,0.0346149
2026-04-07,2026-03-30T16:00:00,2036-01-02T00:00:00,0.0346784
2026-04-07,2026-03-30T16:00:00,2036-02-01T00:00:00,0.0347403
2026-04-07,2026-03-30T16:00:00,2036-03-03T00:00:00,0.0348026
2026-04-07,2026-03-30T16:00:00,2036-04-01T00:00:00,0.0348592
